TIMESTAMP, M0, M1, M2, M3, M4, M5, M6, M7, I0, I1, I2, I3, I4, I5, I6, I7, Q0, Q1, Q2, Q3, Q4, Q5, Q6, Q7, T0, T1, T2, T3, T4, T5, T6, T7, C0, C1, C2, C3, C4, C5, C6, C7
'09:25:23', 0.25, 0.5, 0.25, 0, 0, 0, 0, 0, 0.25, 0, 0, 0, 0, 0, 0, 0, 0.25, 0.25, 0.25, 0.5, 0.5, 0.5, 0, 0, 0.5, 0, 0, 0, 0, 0, 0, 0, 0, 0, 0.25, 0, 0, 0, 0, 0
'09:25:23', 0.25, 1, 0, 0, 0, 0, 0, 0, 0.25, 0.25, 0, 0, 0, 0, 0, 0, 0, 0, 0, 1, 1, 1, 0, 0, 1, 0, 0, 0, 0, 0, 0, 0, 0, 0, 0, 0, 0, 0, 0, 0
'09:25:23', 0, 1, 0.25, 0, 0, 0, 0, 0, 0, 0, 0.25, 0, 0, 0, 0, 0, 0, 0, 0, 0.5, 0.5, 0.5, 0.25, 0.25, 0.5, 0, 0, 0, 0, 0, 0, 0, 0.25, 0, 0, 0, 0, 0, 0, 0
'09:25:24', 0.25, 0.5, 0.25, 0, 0, 0, 0, 0, 0.25, 0, 0, 0, 0, 0, 0, 0, 0.25, 0.25, 0.25, 0.5, 0.5, 0.5, 0, 0, 0.5, 0, 0, 0, 0, 0, 0, 0, 0, 0, 0.25, 0, 0, 0, 0, 0
'09:25:24', 0.25, 1, 0, 0, 0, 0, 0, 0, 0.25, 0.25, 0, 0, 0, 0, 0, 0, 0, 0, 0, 1, 1, 1, 0, 0, 1, 0, 0, 0, 0, 0, 0, 0, 0, 0, 0, 0, 0, 0, 0, 0
'09:25:24', 0, 1, 0.25, 0, 0, 0, 0, 0, 0, 0, 0.25, 0, 0, 0, 0, 0, 0, 0, 0, 0.5, 0.5, 0.5, 0.25, 0.25, 0.5, 0, 0, 0, 0, 0, 0, 0, 0.25, 0, 0, 0, 0, 0, 0, 0
'09:25:24', 0.25, 0.5, 0.25, 0, 0, 0, 0, 0, 0.25, 0, 0, 0, 0, 0, 0, 0, 0.25, 0.25, 0.25, 0.5, 0.5, 0.5, 0, 0, 0.5, 0, 0, 0, 0, 0, 0, 0, 0, 0, 0.25, 0, 0, 0, 0, 0
'09:25:24', 0.25, 1, 0, 0, 0, 0, 0, 0, 0.25, 0.25, 0, 0, 0, 0, 0, 0, 0, 0, 0, 1, 1, 1, 0, 0, 1, 0, 0, 0, 0, 0, 0, 0, 0, 0, 0, 0, 0, 0, 0, 0
'09:25:24', 0, 1, 0.25, 0, 0, 0, 0, 0, 0, 0, 0.25, 0, 0, 0, 0, 0, 0, 0, 0, 0.5, 0.5, 0.5, 0.25, 0.25, 0.5, 0, 0, 0, 0, 0, 0, 0, 0.25, 0, 0, 0, 0, 0, 0, 0
'09:25:25', 0.25, 0.5, 0.25, 0, 0, 0, 0, 0, 0.25, 0, 0, 0, 0, 0, 0, 0, 0.25, 0.25, 0.25, 0.5, 0.5, 0.5, 0, 0, 0.5, 0, 0, 0, 0, 0, 0, 0, 0, 0, 0.25, 0, 0, 0, 0, 0
'09:25:25', 0.25, 1, 0, 0, 0, 0, 0, 0, 0.25, 0.25, 0, 0, 0, 0, 0, 0, 0, 0, 0, 1, 1, 1, 0, 0, 1, 0, 0, 0, 0, 0, 0, 0, 0, 0, 0, 0, 0, 0, 0, 0
'09:25:25', 0, 1, 0.25, 0, 0, 0, 0, 0, 0, 0, 0.25, 0, 0, 0, 0, 0, 0, 0, 0, 0.5, 0.5, 0.5, 0.25, 0.25, 0.5, 0, 0, 0, 0, 0, 0, 0, 0.25, 0, 0, 0, 0, 0, 0, 0
'09:25:26', 0.25, 0.5, 0.25, 0, 0, 0, 0, 0, 0.25, 0, 0, 0, 0, 0, 0, 0, 0.25, 0.25, 0.25, 0.5, 0.5, 0.5, 0, 0, 0.5, 0, 0, 0, 0, 0, 0, 0, 0, 0, 0.25, 0, 0, 0, 0, 0
'09:25:26', 0.25, 1, 0, 0, 0, 0, 0, 0, 0.25, 0.25, 0, 0, 0, 0, 0, 0, 0, 0, 0, 1, 1, 1, 0, 0, 1, 0, 0, 0, 0, 0, 0, 0, 0, 0, 0, 0, 0, 0, 0, 0
'09:25:26', 0, 1, 0.25, 0, 0, 0, 0, 0, 0, 0, 0.25, 0, 0, 0, 0, 0, 0, 0, 0, 0.5, 0.5, 0.5, 0.25, 0.25, 0.5, 0, 0, 0, 0, 0, 0, 0, 0.25, 0, 0, 0, 0, 0, 0, 0
'09:25:27', 0.25, 0.5, 0.25, 0, 0, 0, 0, 0, 0.25, 0, 0, 0, 0, 0, 0, 0, 0.25, 0.25, 0.25, 0.5, 0.5, 0.5, 0, 0, 0.5, 0, 0, 0, 0, 0, 0, 0, 0, 0, 0.25, 0, 0, 0, 0, 0
'09:25:27', 0.25, 1, 0, 0, 0, 0, 0, 0, 0.25, 0.25, 0, 0, 0, 0, 0, 0, 0, 0, 0, 1, 1, 1, 0, 0, 1, 0, 0, 0, 0, 0, 0, 0, 0, 0, 0, 0, 0, 0, 0, 0
'09:25:27', 0, 1, 0.25, 0, 0, 0, 0, 0, 0, 0, 0.25, 0, 0, 0, 0, 0, 0, 0, 0, 0.5, 0.5, 0.5, 0.25, 0.25, 0.5, 0, 0, 0, 0, 0, 0, 0, 0.25, 0, 0, 0, 0, 0, 0, 0
'09:25:27', 0.25, 0.5, 0.25, 0, 0, 0, 0, 0, 0.25, 0, 0, 0, 0, 0, 0, 0, 0.25, 0.25, 0.25, 0.5, 0.5, 0.5, 0, 0, 0.5, 0, 0, 0, 0, 0, 0, 0, 0, 0, 0.25, 0, 0, 0, 0, 0
'09:25:27', 0.25, 1, 0, 0, 0, 0, 0, 0, 0.25, 0.25, 0, 0, 0, 0, 0, 0, 0, 0, 0, 1, 1, 1, 0, 0, 1, 0, 0, 0, 0, 0, 0, 0, 0, 0, 0, 0, 0, 0, 0, 0
'09:25:27', 0, 1, 0.25, 0, 0, 0, 0, 0, 0, 0, 0.25, 0, 0, 0, 0, 0, 0, 0, 0, 0.5, 0.5, 0.5, 0.25, 0.25, 0.5, 0, 0, 0, 0, 0, 0, 0, 0.25, 0, 0, 0, 0, 0, 0, 0
'09:25:28', 0.25, 0.5, 0.25, 0, 0, 0, 0, 0, 0.25, 0, 0, 0, 0, 0, 0, 0, 0.25, 0.25, 0.25, 0.5, 0.5, 0.5, 0, 0, 0.5, 0, 0, 0, 0, 0, 0, 0, 0, 0, 0.25, 0, 0, 0, 0, 0
'09:25:28', 0.25, 1, 0, 0, 0, 0, 0, 0, 0.25, 0.25, 0, 0, 0, 0, 0, 0, 0, 0, 0, 1, 1, 1, 0, 0, 1, 0, 0, 0, 0, 0, 0, 0, 0, 0, 0, 0, 0, 0, 0, 0
'09:25:28', 0, 1, 0.25, 0, 0, 0, 0, 0, 0, 0, 0.25, 0, 0, 0, 0, 0, 0, 0, 0, 0.5, 0.5, 0.5, 0.25, 0.25, 0.5, 0, 0, 0, 0, 0, 0, 0, 0.25, 0, 0, 0, 0, 0, 0, 0
'09:25:29', 0.25, 0.5, 0.25, 0, 0, 0, 0, 0, 0.25, 0, 0, 0, 0, 0, 0, 0, 0.25, 0.25, 0.25, 0.5, 0.5, 0.5, 0, 0, 0.5, 0, 0, 0, 0, 0, 0, 0, 0, 0, 0.25, 0, 0, 0, 0, 0
'09:25:29', 0.25, 1, 0, 0, 0, 0, 0, 0, 0.25, 0.25, 0, 0, 0, 0, 0, 0, 0, 0, 0, 1, 1, 1, 0, 0, 1, 0, 0, 0, 0, 0, 0, 0, 0, 0, 0, 0, 0, 0, 0, 0
'09:25:29', 0, 1, 0.25, 0, 0, 0, 0, 0, 0, 0, 0.25, 0, 0, 0, 0, 0, 0, 0, 0, 0.5, 0.5, 0.5, 0.25, 0.25, 0.5, 0, 0, 0, 0, 0, 0, 0, 0.25, 0, 0, 0, 0, 0, 0, 0
'09:25:30', 0.25, 0.5, 0.25, 0, 0, 0, 0, 0, 0.25, 0, 0, 0, 0, 0, 0, 0, 0.25, 0.25, 0.25, 0.5, 0.5, 0.5, 0, 0, 0.5, 0, 0, 0, 0, 0, 0, 0, 0, 0, 0.25, 0, 0, 0, 0, 0
'09:25:30', 0.25, 1, 0, 0, 0, 0, 0, 0, 0.25, 0.25, 0, 0, 0, 0, 0, 0, 0, 0, 0, 1, 1, 1, 0, 0, 1, 0, 0, 0, 0, 0, 0, 0, 0, 0, 0, 0, 0, 0, 0, 0
'09:25:30', 0, 1, 0.25, 0, 0, 0, 0, 0, 0, 0, 0.25, 0, 0, 0, 0, 0, 0, 0, 0, 0.5, 0.5, 0.5, 0.25, 0.25, 0.5, 0, 0, 0, 0, 0, 0, 0, 0.25, 0, 0, 0, 0, 0, 0, 0
'09:25:30', 0.25, 0.5, 0.25, 0, 0, 0, 0, 0, 0.25, 0, 0, 0, 0, 0, 0, 0, 0.25, 0.25, 0.25, 0.5, 0.5, 0.5, 0, 0, 0, 0, 0, 0, 0, 0, 0, 0, 0, 0, 0.25, 0, 0, 0, 0, 0
'09:25:30', 0.25, 1, 0, 0, 0, 0, 0, 0, 0.25, 0.25, 0, 0, 0, 0, 0, 0, 0, 0, 0, 1, 1, 1, 0, 0, 0.25, 0, 0, 0, 0, 0, 0, 0, 0, 0, 0, 0, 0, 0, 0, 0
'09:25:30', 0, 1, 0.25, 0, 0, 0, 0, 0, 0, 0, 0.25, 0, 0, 0, 0, 0, 0, 0, 0, 0.5, 0.5, 0.5, 0.25, 0.25, 0, 0, 0, 0, 0, 0, 0, 0, 0.25, 0, 0, 0, 0, 0, 0, 0
'09:25:31', 0.25, 0.5, 0.25, 0, 0, 0, 0, 0, 0.25, 0, 0, 0, 0, 0, 0, 0, 0.25, 0.25, 0.25, 0.5, 0, 0.5, 0, 0, 0, 0, 0, 0, 0, 0, 0, 0, 0, 0, 0.25, 0, 0, 0, 0, 0
'09:25:31', 0.25, 1, 0, 0, 0, 0, 0, 0, 0.25, 0.25, 0, 0, 0, 0, 0, 0, 0, 0, 0, 1, 0.25, 1, 0, 0, 0.25, 0, 0, 0, 0, 0, 0, 0, 0, 0, 0, 0, 0, 0, 0, 0
'09:25:31', 0, 1, 0.25, 0, 0, 0, 0, 0, 0, 0, 0.25, 0, 0, 0, 0, 0, 0, 0, 0, 0.5, 0, 0.5, 0.25, 0.25, 0, 0, 0, 0, 0, 0, 0, 0, 0.25, 0, 0, 0, 0, 0, 0, 0
'09:25:32', 0.25, 0.5, 0.25, 0, 0, 0, 0, 0, 0.25, 0, 0, 0, 0, 0, 0, 0, 0.25, 0.25, 0.25, 0.5, 0, 0.5, 0, 0, 0, 0, 0, 0, 0, 0, 0, 0, 0, 0, 0.25, 0, 0, 0, 0, 0
'09:25:32', 0.25, 1, 0, 0, 0, 0, 0, 0, 0.25, 0.25, 0, 0, 0, 0, 0, 0, 0, 0, 0, 1, 0.25, 1, 0, 0, 0.25, 0, 0, 0, 0, 0, 0, 0, 0, 0, 0, 0, 0, 0, 0, 0
'09:25:32', 0, 1, 0.25, 0, 0, 0, 0, 0, 0, 0, 0.25, 0, 0, 0, 0, 0, 0, 0, 0, 0.5, 0, 0.5, 0.25, 0.25, 0, 0, 0, 0, 0, 0, 0, 0, 0.25, 0, 0, 0, 0, 0, 0, 0
'09:25:33', 0.25, 0.5, 0.25, 0, 0, 0, 0, 0, 0.25, 0, 0, 0, 0, 0, 0, 0, 0.25, 0.25, 0.25, 0.5, 0, 0.5, 0, 0, 0, 0, 0, 0, 0, 0, 0, 0, 0, 0, 0.25, 0, 0, 0, 0, 0
'09:25:33', 0.25, 1, 0, 0, 0, 0, 0, 0, 0.25, 0.25, 0, 0, 0, 0, 0, 0, 0, 0, 0, 1, 0.25, 1, 0, 0, 0.25, 0, 0, 0, 0, 0, 0, 0, 0, 0, 0, 0, 0, 0, 0, 0
'09:25:33', 0, 1, 0.25, 0, 0, 0, 0, 0, 0, 0, 0.25, 0, 0, 0, 0, 0, 0, 0, 0, 0.5, 0, 0.5, 0.25, 0.25, 0, 0, 0, 0, 0, 0, 0, 0, 0.25, 0, 0, 0, 0, 0, 0, 0
'09:25:33', 0.25, 0.5, 0.25, 0, 0, 0, 0, 0, 0.25, 0, 0, 0, 0, 0, 0, 0, 0.25, 0.25, 0.25, 0.5, 0, 0.5, 0, 0, 0, 0, 0, 0, 0, 0, 0, 0, 0, 0, 0.25, 0, 0, 0, 0, 0
'09:25:33', 0.25, 1, 0, 0, 0, 0, 0, 0, 0.25, 0.25, 0, 0, 0, 0, 0, 0, 0, 0, 0, 1, 0.25, 1, 0, 0, 0.25, 0, 0, 0, 0, 0, 0, 0, 0, 0, 0, 0, 0, 0, 0, 0
'09:25:33', 0, 1, 0.25, 0, 0, 0, 0, 0, 0, 0, 0.25, 0, 0, 0, 0, 0, 0, 0, 0, 0.5, 0, 0.5, 0.25, 0.25, 0, 0, 0, 0, 0, 0, 0, 0, 0.25, 0, 0, 0, 0, 0, 0, 0
'09:25:34', 0.25, 0.5, 0.25, 0, 0, 0, 0, 0, 0.25, 0, 0, 0, 0, 0, 0, 0, 0.25, 0.25, 0.25, 0.5, 0, 0.5, 0, 0, 0, 0, 0, 0, 0, 0, 0, 0, 0, 0, 0.25, 0, 0, 0, 0, 0
'09:25:34', 0.25, 1, 0, 0, 0, 0, 0, 0, 0.25, 0.25, 0, 0, 0, 0, 0, 0, 0, 0, 0, 1, 0.25, 1, 0, 0, 0.25, 0, 0, 0, 0, 0, 0, 0, 0, 0, 0, 0, 0, 0, 0, 0
'09:25:34', 0, 1, 0.25, 0, 0, 0, 0, 0, 0, 0, 0.25, 0, 0, 0, 0, 0, 0, 0, 0, 0.5, 0, 0.5, 0.25, 0.25, 0, 0, 0, 0, 0, 0, 0, 0, 0.25, 0, 0, 0, 0, 0, 0, 0
'09:25:35', 0.25, 0.5, 0.25, 0, 0, 0, 0, 0, 0.25, 0, 0, 0, 0, 0, 0, 0, 0.25, 0.25, 0.25, 0.5, 0, 0.5, 0, 0, 0, 0, 0, 0, 0, 0, 0, 0, 0, 0, 0.25, 0, 0, 0, 0, 0
'09:25:35', 0.25, 1, 0, 0, 0, 0, 0, 0, 0.25, 0.25, 0, 0, 0, 0, 0, 0, 0, 0, 0, 1, 0.25, 1, 0, 0, 0.25, 0, 0, 0, 0, 0, 0, 0, 0, 0, 0, 0, 0, 0, 0, 0
'09:25:35', 0, 1, 0.25, 0, 0, 0, 0, 0, 0, 0, 0.25, 0, 0, 0, 0, 0, 0, 0, 0, 0.5, 0, 0.5, 0.25, 0.25, 0, 0, 0, 0, 0, 0, 0, 0, 0.25, 0, 0, 0, 0, 0, 0, 0
'09:25:36', 0.25, 0.5, 0.25, 0, 0, 0, 0, 0, 0.25, 0, 0, 0, 0, 0, 0, 0, 0.25, 0.25, 0.25, 0.5, 0, 0.5, 0, 0, 0, 0, 0, 0, 0, 0, 0, 0, 0, 0, 0.25, 0, 0, 0, 0, 0
'09:25:36', 0.25, 1, 0, 0, 0, 0, 0, 0, 0.25, 0.25, 0, 0, 0, 0, 0, 0, 0, 0, 0, 1, 0.25, 1, 0, 0, 0.25, 0, 0, 0, 0, 0, 0, 0, 0, 0, 0, 0, 0, 0, 0, 0
'09:25:36', 0, 1, 0.25, 0, 0, 0, 0, 0, 0, 0, 0.25, 0, 0, 0, 0, 0, 0, 0, 0, 0.5, 0, 0.5, 0.25, 0.25, 0, 0, 0, 0, 0, 0, 0, 0, 0.25, 0, 0, 0, 0, 0, 0, 0
'09:25:36', 0.25, 0.5, 0.25, 0, 0, 0, 0, 0, 0.25, 0, 0, 0, 0, 0, 0, 0, 0.25, 0.25, 0.25, 0.5, 0, 0.5, 0, 0, 0, 0, 0, 0, 0, 0, 0, 0, 0, 0, 0.25, 0, 0, 0, 0, 0
'09:25:36', 0.25, 1, 0, 0, 0, 0, 0, 0, 0.25, 0.25, 0, 0, 0, 0, 0, 0, 0, 0, 0, 1, 0.25, 1, 0, 0, 0.25, 0, 0, 0, 0, 0, 0, 0, 0, 0, 0, 0, 0, 0, 0, 0
'09:25:36', 0, 1, 0.25, 0, 0, 0, 0, 0, 0, 0, 0.25, 0, 0, 0, 0, 0, 0, 0, 0, 0.5, 0, 0.5, 0.25, 0.25, 0, 0, 0, 0, 0, 0, 0, 0, 0.25, 0, 0, 0, 0, 0, 0, 0
'09:25:37', 0.25, 0.5, 0.25, 0, 0, 0, 0, 0, 0.25, 0, 0, 0, 0, 0, 0, 0, 0.25, 0.25, 0.25, 0.5, 0, 0.5, 0, 0, 0, 0, 0, 0, 0, 0, 0, 0, 0, 0, 0.25, 0, 0, 0, 0, 0
'09:25:37', 0.25, 1, 0, 0, 0, 0, 0, 0, 0.25, 0.25, 0, 0, 0, 0, 0, 0, 0, 0, 0, 1, 0.25, 1, 0, 0, 0.25, 0, 0, 0, 0, 0, 0, 0, 0, 0, 0, 0, 0, 0, 0, 0
'09:25:37', 0, 1, 0.25, 0, 0, 0, 0, 0, 0, 0, 0.25, 0, 0, 0, 0, 0, 0, 0, 0, 0.5, 0, 0.5, 0.25, 0.25, 0, 0, 0, 0, 0, 0, 0, 0, 0.25, 0, 0, 0, 0, 0, 0, 0
'09:25:38', 0.25, 0.5, 0.25, 0, 0, 0, 0, 0, 0.25, 0, 0, 0, 0, 0, 0, 0, 0.25, 0.25, 0.25, 0.5, 0, 0.5, 0, 0, 0, 0, 0, 0, 0, 0, 0, 0, 0, 0, 0.25, 0, 0, 0, 0, 0
'09:25:38', 0.25, 1, 0, 0, 0, 0, 0, 0, 0.25, 0.25, 0, 0, 0, 0, 0, 0, 0, 0, 0, 1, 0.25, 1, 0, 0, 0.25, 0, 0, 0, 0, 0, 0, 0, 0, 0, 0, 0, 0, 0, 0, 0
'09:25:38', 0, 1, 0.25, 0, 0, 0, 0, 0, 0, 0, 0.25, 0, 0, 0, 0, 0, 0, 0, 0, 0.5, 0, 0.5, 0.25, 0.25, 0, 0, 0, 0, 0, 0, 0, 0, 0.25, 0, 0, 0, 0, 0, 0, 0
'09:25:38', 0.25, 0.5, 0.25, 0, 0, 0, 0, 0, 0.25, 0, 0, 0, 0, 0, 0, 0, 0.25, 0.25, 0.25, 0.5, 0, 0.5, 0, 0, 0, 0, 0, 0, 0, 0, 0, 0, 0, 0, 0.25, 0, 0, 0, 0, 0
'09:25:38', 0.25, 1, 0, 0, 0, 0, 0, 0, 0.25, 0.25, 0, 0, 0, 0, 0, 0, 0, 0, 0, 1, 0.25, 1, 0, 0, 0.25, 0, 0, 0, 0, 0, 0, 0, 0, 0, 0, 0, 0, 0, 0, 0
'09:25:38', 0, 1, 0.25, 0, 0, 0, 0, 0, 0, 0, 0.25, 0, 0, 0, 0, 0, 0, 0, 0, 0.5, 0, 0.5, 0.25, 0.25, 0, 0, 0, 0, 0, 0, 0, 0, 0.25, 0, 0, 0, 0, 0, 0, 0
'09:25:39', 0.25, 0.5, 0.25, 0, 0, 0, 0, 0, 0.25, 0, 0, 0, 0, 0, 0, 0, 0.25, 0.25, 0.25, 0.5, 0, 0.5, 0, 0, 0, 0, 0, 0, 0, 0, 0, 0, 0, 0, 0.25, 0, 0, 0, 0, 0
'09:25:39', 0.25, 1, 0, 0, 0, 0, 0, 0, 0.25, 0.25, 0, 0, 0, 0, 0, 0, 0, 0, 0, 1, 0.25, 1, 0, 0, 0.25, 0, 0, 0, 0, 0, 0, 0, 0, 0, 0, 0, 0, 0, 0, 0
'09:25:39', 0, 1, 0.25, 0, 0, 0, 0, 0, 0, 0, 0.25, 0, 0, 0, 0, 0, 0, 0, 0, 0.5, 0, 0.5, 0.25, 0.25, 0, 0, 0, 0, 0, 0, 0, 0, 0.25, 0, 0, 0, 0, 0, 0, 0
'09:25:40', 0.25, 0.5, 0.25, 0, 0, 0, 0, 0, 0.25, 0, 0, 0, 0, 0, 0, 0, 0.25, 0.25, 0.25, 0.5, 0, 0.5, 0, 0, 0, 0, 0, 0, 0, 0, 0, 0, 0, 0, 0.25, 0, 0, 0, 0, 0
'09:25:40', 0.25, 1, 0, 0, 0, 0, 0, 0, 0.25, 0.25, 0, 0, 0, 0, 0, 0, 0, 0, 0, 1, 0.25, 1, 0, 0, 0.25, 0, 0, 0, 0, 0, 0, 0, 0, 0, 0, 0, 0, 0, 0, 0
'09:25:40', 0, 1, 0.25, 0, 0, 0, 0, 0, 0, 0, 0.25, 0, 0, 0, 0, 0, 0, 0, 0, 0.5, 0, 0.5, 0.25, 0.25, 0, 0, 0, 0, 0, 0, 0, 0, 0.25, 0, 0, 0, 0, 0, 0, 0
'09:25:41', 0.25, 0.5, 0.25, 0, 0, 0, 0, 0, 0.25, 0, 0, 0, 0, 0, 0, 0, 0.25, 0.25, 0.25, 0.5, 0, 0.5, 0, 0, 0, 0, 0, 0, 0, 0, 0, 0, 0, 0, 0.25, 0, 0, 0, 0, 0
'09:25:41', 0.25, 1, 0, 0, 0, 0, 0, 0, 0.25, 0.25, 0, 0, 0, 0, 0, 0, 0, 0, 0, 1, 0.25, 1, 0, 0, 0.25, 0, 0, 0, 0, 0, 0, 0, 0, 0, 0, 0, 0, 0, 0, 0
'09:25:41', 0, 1, 0.25, 0, 0, 0, 0, 0, 0, 0, 0.25, 0, 0, 0, 0, 0, 0, 0, 0, 0.5, 0, 0.5, 0.25, 0.25, 0, 0, 0, 0, 0, 0, 0, 0, 0.25, 0, 0, 0, 0, 0, 0, 0
'09:25:41', 0.25, 0.5, 0.25, 0, 0, 0, 0, 0, 0.25, 0, 0, 0, 0, 0, 0, 0, 0.25, 0.25, 0.25, 0.5, 0, 0.5, 0, 0, 0, 0, 0, 0, 0, 0, 0, 0, 0, 0, 0.25, 0, 0, 0, 0, 0
'09:25:41', 0.25, 1, 0, 0, 0, 0, 0, 0, 0.25, 0.25, 0, 0, 0, 0, 0, 0, 0, 0, 0, 1, 0.25, 1, 0, 0, 0.25, 0, 0, 0, 0, 0, 0, 0, 0, 0, 0, 0, 0, 0, 0, 0
'09:25:41', 0, 1, 0.25, 0, 0, 0, 0, 0, 0, 0, 0.25, 0, 0, 0, 0, 0, 0, 0, 0, 0.5, 0, 0.5, 0.25, 0.25, 0, 0, 0, 0, 0, 0, 0, 0, 0.25, 0, 0, 0, 0, 0, 0, 0
'09:25:42', 0.25, 0.5, 0.25, 0, 0, 0, 0, 0, 0.25, 0, 0, 0, 0, 0, 0, 0, 0.25, 0.25, 0.25, 0.5, 0, 0.5, 0, 0, 0, 0, 0, 0, 0, 0, 0, 0, 0, 0, 0.25, 0, 0, 0, 0, 0
'09:25:42', 0.25, 1, 0, 0, 0, 0, 0, 0, 0.25, 0.25, 0, 0, 0, 0, 0, 0, 0, 0, 0, 1, 0.25, 1, 0, 0, 0.25, 0, 0, 0, 0, 0, 0, 0, 0, 0, 0, 0, 0, 0, 0, 0
'09:25:42', 0, 1, 0.25, 0, 0, 0, 0, 0, 0, 0, 0.25, 0, 0, 0, 0, 0, 0, 0, 0, 0.5, 0, 0.5, 0.25, 0.25, 0, 0, 0, 0, 0, 0, 0, 0, 0.25, 0, 0, 0, 0, 0, 0, 0
'09:25:43', 0.25, 0.5, 0.25, 0, 0, 0, 0, 0, 0.25, 0, 0, 0, 0, 0, 0, 0, 0.25, 0.25, 0.25, 0.5, 0, 0.5, 0, 0, 0, 0, 0, 0, 0, 0, 0, 0, 0, 0, 0.25, 0, 0, 0, 0, 0
'09:25:43', 0.25, 1, 0, 0, 0, 0, 0, 0, 0.25, 0.25, 0, 0, 0, 0, 0, 0, 0, 0, 0, 1, 0.25, 1, 0, 0, 0.25, 0, 0, 0, 0, 0, 0, 0, 0, 0, 0, 0, 0, 0, 0, 0
'09:25:43', 0, 1, 0.25, 0, 0, 0, 0, 0, 0, 0, 0.25, 0, 0, 0, 0, 0, 0, 0, 0, 0.5, 0, 0.5, 0.25, 0.25, 0, 0, 0, 0, 0, 0, 0, 0, 0.25, 0, 0, 0, 0, 0, 0, 0
'09:25:44', 0.25, 0.5, 0.25, 0, 0, 0, 0, 0, 0.25, 0, 0, 0, 0, 0, 0, 0, 0.25, 0.25, 0.25, 0.5, 0, 0.5, 0, 0, 0, 0, 0, 0, 0, 0, 0, 0, 0, 0, 0.25, 0, 0, 0, 0, 0
'09:25:44', 0.25, 1, 0, 0, 0, 0, 0, 0, 0.25, 0.25, 0, 0, 0, 0, 0, 0, 0, 0, 0, 1, 0.25, 1, 0, 0, 0.25, 0, 0, 0, 0, 0, 0, 0, 0, 0, 0, 0, 0, 0, 0, 0
'09:25:44', 0, 1, 0.25, 0, 0, 0, 0, 0, 0, 0, 0.25, 0, 0, 0, 0, 0, 0, 0, 0, 0.5, 0, 0.5, 0.25, 0.25, 0, 0, 0, 0, 0, 0, 0, 0, 0.25, 0, 0, 0, 0, 0, 0, 0
'09:25:44', 0.25, 0.5, 0.25, 0, 0, 0, 0, 0, 0.25, 0, 0, 0, 0, 0, 0, 0, 0.25, 0.25, 0.25, 0.5, 0, 0.5, 0, 0, 0, 0, 0, 0, 0, 0, 0, 0, 0, 0, 0.25, 0, 0, 0, 0, 0
'09:25:44', 0.25, 1, 0, 0, 0, 0, 0, 0, 0.25, 0.25, 0, 0, 0, 0, 0, 0, 0, 0, 0, 1, 0.25, 1, 0, 0, 0.25, 0, 0, 0, 0, 0, 0, 0, 0, 0, 0, 0, 0, 0, 0, 0
'09:25:44', 0, 1, 0.25, 0, 0, 0, 0, 0, 0, 0, 0.25, 0, 0, 0, 0, 0, 0, 0, 0, 0.5, 0, 0.5, 0.25, 0.25, 0, 0, 0, 0, 0, 0, 0, 0, 0.25, 0, 0, 0, 0, 0, 0, 0
'09:25:45', 0.25, 0.5, 0.25, 0, 0, 0, 0, 0, 0.25, 0, 0, 0, 0, 0, 0, 0, 0.25, 0.25, 0.25, 0.5, 0, 0.5, 0, 0, 0, 0, 0, 0, 0, 0, 0, 0, 0, 0, 0.25, 0, 0, 0, 0, 0
'09:25:45', 0.25, 1, 0, 0, 0, 0, 0, 0, 0.25, 0.25, 0, 0, 0, 0, 0, 0, 0, 0, 0, 1, 0.25, 1, 0, 0, 0.25, 0, 0, 0, 0, 0, 0, 0, 0, 0, 0, 0, 0, 0, 0, 0
'09:25:45', 0, 1, 0.25, 0, 0, 0, 0, 0, 0, 0, 0.25, 0, 0, 0, 0, 0, 0, 0, 0, 0.5, 0, 0.5, 0.25, 0.25, 0, 0, 0, 0, 0, 0, 0, 0, 0.25, 0, 0, 0, 0, 0, 0, 0
'09:25:46', 0.25, 0.5, 0.25, 0, 0, 0, 0, 0, 0.25, 0, 0, 0, 0, 0, 0, 0, 0.25, 0.25, 0.25, 0.5, 0, 0.5, 0, 0, 0, 0, 0, 0, 0, 0, 0, 0, 0, 0, 0.25, 0, 0, 0, 0, 0
'09:25:46', 0.25, 1, 0, 0, 0, 0, 0, 0, 0.25, 0.25, 0, 0, 0, 0, 0, 0, 0, 0, 0, 1, 0.25, 1, 0, 0, 0.25, 0, 0, 0, 0, 0, 0, 0, 0, 0, 0, 0, 0, 0, 0, 0
'09:25:46', 0, 1, 0.25, 0, 0, 0, 0, 0, 0, 0, 0.25, 0, 0, 0, 0, 0, 0, 0, 0, 0.5, 0, 0.5, 0.25, 0.25, 0, 0, 0, 0, 0, 0, 0, 0, 0.25, 0, 0, 0, 0, 0, 0, 0
'09:25:47', 0.25, 0.5, 0.25, 0, 0, 0, 0, 0, 0.25, 0, 0, 0, 0, 0, 0, 0, 0.25, 0.25, 0.25, 0.5, 0, 0.5, 0, 0, 0, 0, 0, 0, 0, 0, 0, 0, 0, 0, 0.25, 0, 0, 0, 0, 0
'09:25:47', 0.25, 1, 0, 0, 0, 0, 0, 0, 0.25, 0.25, 0, 0, 0, 0, 0, 0, 0, 0, 0, 1, 0.25, 1, 0, 0, 0.25, 0, 0, 0, 0, 0, 0, 0, 0, 0, 0, 0, 0, 0, 0, 0
'09:25:47', 0, 1, 0.25, 0, 0, 0, 0, 0, 0, 0, 0.25, 0, 0, 0, 0, 0, 0, 0, 0, 0.5, 0, 0.5, 0.25, 0.25, 0, 0, 0, 0, 0, 0, 0, 0, 0.25, 0, 0, 0, 0, 0, 0, 0
'09:25:47', 0.25, 0.5, 0.25, 0, 0, 0, 0, 0, 0.25, 0, 0, 0, 0, 0, 0, 0, 0.25, 0.25, 0.25, 0.5, 0, 0.5, 0, 0, 0, 0, 0, 0, 0, 0, 0, 0, 0, 0, 0.25, 0, 0, 0, 0, 0
'09:25:47', 0.25, 1, 0, 0, 0, 0, 0, 0, 0.25, 0.25, 0, 0, 0, 0, 0, 0, 0, 0, 0, 1, 0.25, 1, 0, 0, 0.25, 0, 0, 0, 0, 0, 0, 0, 0, 0, 0, 0, 0, 0, 0, 0
'09:25:47', 0, 1, 0.25, 0, 0, 0, 0, 0, 0, 0, 0.25, 0, 0, 0, 0, 0, 0, 0, 0, 0.5, 0, 0.5, 0.25, 0.25, 0, 0, 0, 0, 0, 0, 0, 0, 0.25, 0, 0, 0, 0, 0, 0, 0
'09:25:48', 0.25, 0.5, 0.25, 0, 0, 0, 0, 0, 0.25, 0, 0, 0, 0, 0, 0, 0, 0.25, 0.25, 0.25, 0.5, 0, 0.5, 0, 0, 0, 0, 0, 0, 0, 0, 0, 0, 0, 0, 0.25, 0, 0, 0, 0, 0
'09:25:48', 0.25, 1, 0, 0, 0, 0, 0, 0, 0.25, 0.25, 0, 0, 0, 0, 0, 0, 0, 0, 0, 1, 0.25, 1, 0, 0, 0.25, 0, 0, 0, 0, 0, 0, 0, 0, 0, 0, 0, 0, 0, 0, 0
'09:25:48', 0, 1, 0.25, 0, 0, 0, 0, 0, 0, 0, 0.25, 0, 0, 0, 0, 0, 0, 0, 0, 0.5, 0, 0.5, 0.25, 0.25, 0, 0, 0, 0, 0, 0, 0, 0, 0.25, 0, 0, 0, 0, 0, 0, 0
'09:25:49', 0.25, 0.5, 0.25, 0, 0, 0, 0, 0, 0.25, 0, 0, 0, 0, 0, 0, 0, 0.25, 0.25, 0.25, 0.5, 0, 0.5, 0, 0, 0, 0, 0, 0, 0, 0, 0, 0, 0, 0, 0.25, 0, 0, 0, 0, 0
'09:25:49', 0.25, 1, 0, 0, 0, 0, 0, 0, 0.25, 0.25, 0, 0, 0, 0, 0, 0, 0, 0, 0, 1, 0.25, 1, 0, 0, 0.25, 0, 0, 0, 0, 0, 0, 0, 0, 0, 0, 0, 0, 0, 0, 0
'09:25:49', 0, 1, 0.25, 0, 0, 0, 0, 0, 0, 0, 0.25, 0, 0, 0, 0, 0, 0, 0, 0, 0.5, 0, 0.5, 0.25, 0.25, 0, 0, 0, 0, 0, 0, 0, 0, 0.25, 0, 0, 0, 0, 0, 0, 0
'09:25:50', 0.25, 0.5, 0.25, 0, 0, 0, 0, 0, 0.25, 0, 0, 0, 0, 0, 0, 0, 0.25, 0.25, 0.25, 0.5, 0, 0.5, 0, 0, 0, 0, 0, 0, 0, 0, 0, 0, 0, 0, 0.25, 0, 0, 0, 0, 0
'09:25:50', 0.25, 1, 0, 0, 0, 0, 0, 0, 0.25, 0.25, 0, 0, 0, 0, 0, 0, 0, 0, 0, 1, 0.25, 1, 0, 0, 0.25, 0, 0, 0, 0, 0, 0, 0, 0, 0, 0, 0, 0, 0, 0, 0
'09:25:50', 0, 1, 0.25, 0, 0, 0, 0, 0, 0, 0, 0.25, 0, 0, 0, 0, 0, 0, 0, 0, 0.5, 0, 0.5, 0.25, 0.25, 0, 0, 0, 0, 0, 0, 0, 0, 0.25, 0, 0, 0, 0, 0, 0, 0
'09:25:50', 0.25, 0.5, 0.25, 0, 0, 0, 0, 0, 0.25, 0, 0, 0, 0, 0, 0, 0, 0.25, 0.25, 0.25, 0.5, 0, 0.5, 0, 0, 0, 0, 0, 0, 0, 0, 0, 0, 0, 0, 0.25, 0, 0, 0, 0, 0
'09:25:50', 0.25, 1, 0, 0, 0, 0, 0, 0, 0.25, 0.25, 0, 0, 0, 0, 0, 0, 0, 0, 0, 1, 0.25, 1, 0, 0, 0.25, 0, 0, 0, 0, 0, 0, 0, 0, 0, 0, 0, 0, 0, 0, 0
'09:25:50', 0, 1, 0.25, 0, 0, 0, 0, 0, 0, 0, 0.25, 0, 0, 0, 0, 0, 0, 0, 0, 0.5, 0, 0.5, 0.25, 0.25, 0, 0, 0, 0, 0, 0, 0, 0, 0.25, 0, 0, 0, 0, 0, 0, 0
'09:25:51', 0.25, 0.5, 0.25, 0, 0, 0, 0, 0, 0.25, 0, 0, 0, 0, 0, 0, 0, 0.25, 0.25, 0.25, 0.5, 0, 0.5, 0, 0, 0, 0, 0, 0, 0, 0, 0, 0, 0, 0, 0.25, 0, 0, 0, 0, 0
'09:25:51', 0.25, 1, 0, 0, 0, 0, 0, 0, 0.25, 0.25, 0, 0, 0, 0, 0, 0, 0, 0, 0, 1, 0.25, 1, 0, 0, 0.25, 0, 0, 0, 0, 0, 0, 0, 0, 0, 0, 0, 0, 0, 0, 0
'09:25:51', 0, 1, 0.25, 0, 0, 0, 0, 0, 0, 0, 0.25, 0, 0, 0, 0, 0, 0, 0, 0, 0.5, 0, 0.5, 0.25, 0.25, 0, 0, 0, 0, 0, 0, 0, 0, 0.25, 0, 0, 0, 0, 0, 0, 0
'09:25:52', 0.25, 0.5, 0.25, 0, 0, 0, 0, 0, 0.25, 0, 0, 0, 0, 0, 0, 0, 0.25, 0.25, 0.25, 0.5, 0, 0.5, 0, 0, 0, 0, 0, 0, 0, 0, 0, 0, 0, 0, 0.25, 0, 0, 0, 0, 0
'09:25:52', 0.25, 1, 0, 0, 0, 0, 0, 0, 0.25, 0.25, 0, 0, 0, 0, 0, 0, 0, 0, 0, 1, 0.25, 1, 0, 0, 0.25, 0, 0, 0, 0, 0, 0, 0, 0, 0, 0, 0, 0, 0, 0, 0
'09:25:52', 0, 1, 0.25, 0, 0, 0, 0, 0, 0, 0, 0.25, 0, 0, 0, 0, 0, 0, 0, 0, 0.5, 0, 0.5, 0.25, 0.25, 0, 0, 0, 0, 0, 0, 0, 0, 0.25, 0, 0, 0, 0, 0, 0, 0
'09:25:53', 0.25, 0.5, 0.25, 0, 0, 0, 0, 0, 0.25, 0, 0, 0, 0, 0, 0, 0, 0.25, 0.25, 0.25, 0.5, 0, 0.5, 0, 0, 0, 0, 0, 0, 0, 0, 0, 0, 0, 0, 0.25, 0, 0, 0, 0, 0
'09:25:53', 0.25, 1, 0, 0, 0, 0, 0, 0, 0.25, 0.25, 0, 0, 0, 0, 0, 0, 0, 0, 0, 1, 0.25, 1, 0, 0, 0.25, 0, 0, 0, 0, 0, 0, 0, 0, 0, 0, 0, 0, 0, 0, 0
'09:25:53', 0, 1, 0.25, 0, 0, 0, 0, 0, 0, 0, 0.25, 0, 0, 0, 0, 0, 0, 0, 0, 0.5, 0, 0.5, 0.25, 0.25, 0, 0, 0, 0, 0, 0, 0, 0, 0.25, 0, 0, 0, 0, 0, 0, 0
'09:25:53', 0.25, 0.5, 0.25, 0, 0, 0, 0, 0, 0.25, 0, 0, 0, 0, 0, 0, 0, 0.25, 0.25, 0.25, 0.5, 0, 0.5, 0, 0, 0, 0, 0, 0, 0, 0, 0, 0, 0, 0, 0.25, 0, 0, 0, 0, 0
'09:25:53', 0.25, 1, 0, 0, 0, 0, 0, 0, 0.25, 0.25, 0, 0, 0, 0, 0, 0, 0, 0, 0, 1, 0.25, 1, 0, 0, 0.25, 0, 0, 0, 0, 0, 0, 0, 0, 0, 0, 0, 0, 0, 0, 0
'09:25:53', 0, 1, 0.25, 0, 0, 0, 0, 0, 0, 0, 0.25, 0, 0, 0, 0, 0, 0, 0, 0, 0.5, 0, 0.5, 0.25, 0.25, 0, 0, 0, 0, 0, 0, 0, 0, 0.25, 0, 0, 0, 0, 0, 0, 0
'09:25:54', 0.25, 0.5, 0.25, 0, 0, 0, 0, 0, 0.25, 0, 0, 0, 0, 0, 0, 0, 0.25, 0.25, 0.25, 0.5, 0, 0.5, 0, 0, 0, 0, 0, 0, 0, 0, 0, 0, 0, 0, 0.25, 0, 0, 0, 0, 0
'09:25:54', 0.25, 1, 0, 0, 0, 0, 0, 0, 0.25, 0.25, 0, 0, 0, 0, 0, 0, 0, 0, 0, 1, 0.25, 1, 0, 0, 0.25, 0, 0, 0, 0, 0, 0, 0, 0, 0, 0, 0, 0, 0, 0, 0
'09:25:54', 0, 1, 0.25, 0, 0, 0, 0, 0, 0, 0, 0.25, 0, 0, 0, 0, 0, 0, 0, 0, 0.5, 0, 0.5, 0.25, 0.25, 0, 0, 0, 0, 0, 0, 0, 0, 0.25, 0, 0, 0, 0, 0, 0, 0
'09:25:55', 0.25, 0.5, 0.25, 0, 0, 0, 0, 0, 0.25, 0, 0, 0, 0, 0, 0, 0, 0.25, 0.25, 0.25, 0.5, 0, 0.5, 0, 0, 0, 0, 0, 0, 0, 0, 0, 0, 0, 0, 0.25, 0, 0, 0, 0, 0
'09:25:55', 0.25, 1, 0, 0, 0, 0, 0, 0, 0.25, 0.25, 0, 0, 0, 0, 0, 0, 0, 0, 0, 1, 0.25, 1, 0, 0, 0.25, 0, 0, 0, 0, 0, 0, 0, 0, 0, 0, 0, 0, 0, 0, 0
'09:25:55', 0, 1, 0.25, 0, 0, 0, 0, 0, 0, 0, 0.25, 0, 0, 0, 0, 0, 0, 0, 0, 0.5, 0, 0.5, 0.25, 0.25, 0, 0, 0, 0, 0, 0, 0, 0, 0.25, 0, 0, 0, 0, 0, 0, 0
'09:25:56', 0.25, 0.5, 0.25, 0, 0, 0, 0, 0, 0.25, 0, 0, 0, 0, 0, 0, 0, 0.25, 0.25, 0.25, 0.5, 0, 0.5, 0, 0, 0, 0, 0, 0, 0, 0, 0, 0, 0, 0, 0.25, 0, 0, 0, 0, 0
'09:25:56', 0.25, 1, 0, 0, 0, 0, 0, 0, 0.25, 0.25, 0, 0, 0, 0, 0, 0, 0, 0, 0, 1, 0.25, 1, 0, 0, 0.25, 0, 0, 0, 0, 0, 0, 0, 0, 0, 0, 0, 0, 0, 0, 0
'09:25:56', 0, 1, 0.25, 0, 0, 0, 0, 0, 0, 0, 0.25, 0, 0, 0, 0, 0, 0, 0, 0, 0.5, 0, 0.5, 0.25, 0.25, 0, 0, 0, 0, 0, 0, 0, 0, 0.25, 0, 0, 0, 0, 0, 0, 0
'09:25:57', 0.25, 0.5, 0.25, 0, 0, 0, 0, 0, 0.25, 0, 0, 0, 0, 0, 0, 0, 0.25, 0.25, 0.25, 0.5, 0, 0.5, 0, 0, 0, 0, 0, 0, 0, 0, 0, 0, 0, 0, 0.25, 0, 0, 0, 0, 0
'09:25:57', 0.25, 1, 0, 0, 0, 0, 0, 0, 0.25, 0.25, 0, 0, 0, 0, 0, 0, 0, 0, 0, 1, 0.25, 1, 0, 0, 0.25, 0, 0, 0, 0, 0, 0, 0, 0, 0, 0, 0, 0, 0, 0, 0
'09:25:57', 0, 1, 0.25, 0, 0, 0, 0, 0, 0, 0, 0.25, 0, 0, 0, 0, 0, 0, 0, 0, 0.5, 0, 0.5, 0.25, 0.25, 0, 0, 0, 0, 0, 0, 0, 0, 0.25, 0, 0, 0, 0, 0, 0, 0
'09:25:57', 0.25, 0.5, 0.25, 0, 0, 0, 0, 0, 0.25, 0, 0, 0, 0, 0, 0, 0, 0.25, 0.25, 0.25, 0.5, 0, 0.5, 0, 0, 0, 0, 0, 0, 0, 0, 0, 0, 0, 0, 0.25, 0, 0, 0, 0, 0
'09:25:57', 0.25, 1, 0, 0, 0, 0, 0, 0, 0.25, 0.25, 0, 0, 0, 0, 0, 0, 0, 0, 0, 1, 0.25, 1, 0, 0, 0.25, 0, 0, 0, 0, 0, 0, 0, 0, 0, 0, 0, 0, 0, 0, 0
'09:25:57', 0, 1, 0.25, 0, 0, 0, 0, 0, 0, 0, 0.25, 0, 0, 0, 0, 0, 0, 0, 0, 0.5, 0, 0.5, 0.25, 0.25, 0, 0, 0, 0, 0, 0, 0, 0, 0.25, 0, 0, 0, 0, 0, 0, 0
'09:25:58', 0.25, 0.5, 0.25, 0, 0, 0, 0, 0, 0.25, 0, 0, 0, 0, 0, 0, 0, 0.25, 0.25, 0.25, 0.5, 0, 0.5, 0, 0, 0, 0, 0, 0, 0, 0, 0, 0, 0, 0, 0.25, 0, 0, 0, 0, 0
'09:25:58', 0.25, 1, 0, 0, 0, 0, 0, 0, 0.25, 0.25, 0, 0, 0, 0, 0, 0, 0, 0, 0, 1, 0.25, 1, 0, 0, 0.25, 0, 0, 0, 0, 0, 0, 0, 0, 0, 0, 0, 0, 0, 0, 0
'09:25:58', 0, 1, 0.25, 0, 0, 0, 0, 0, 0, 0, 0.25, 0, 0, 0, 0, 0, 0, 0, 0, 0.5, 0, 0.5, 0.25, 0.25, 0, 0, 0, 0, 0, 0, 0, 0, 0.25, 0, 0, 0, 0, 0, 0, 0
'09:25:59', 0.25, 0.5, 0.25, 0, 0, 0, 0, 0, 0.25, 0, 0, 0, 0, 0, 0, 0, 0.25, 0.25, 0.25, 0.5, 0, 0.5, 0, 0, 0, 0, 0, 0, 0, 0, 0, 0, 0, 0, 0.25, 0, 0, 0, 0, 0
'09:25:59', 0.25, 1, 0, 0, 0, 0, 0, 0, 0.25, 0.25, 0, 0, 0, 0, 0, 0, 0, 0, 0, 1, 0.25, 1, 0, 0, 0.25, 0, 0, 0, 0, 0, 0, 0, 0, 0, 0, 0, 0, 0, 0, 0
'09:25:59', 0, 1, 0.25, 0, 0, 0, 0, 0, 0, 0, 0.25, 0, 0, 0, 0, 0, 0, 0, 0, 0.5, 0, 0.5, 0.25, 0.25, 0, 0, 0, 0, 0, 0, 0, 0, 0.25, 0, 0, 0, 0, 0, 0, 0
'09:26:00', 0.25, 0.5, 0.25, 0, 0, 0, 0, 0, 0.25, 0, 0, 0, 0, 0, 0, 0, 0.25, 0.25, 0.25, 0.5, 0, 0.5, 0, 0, 0, 0, 0, 0, 0, 0, 0, 0, 0, 0, 0.25, 0, 0, 0, 0, 0
'09:26:00', 0.25, 1, 0, 0, 0, 0, 0, 0, 0.25, 0.25, 0, 0, 0, 0, 0, 0, 0, 0, 0, 1, 0.25, 1, 0, 0, 0.25, 0, 0, 0, 0, 0, 0, 0, 0, 0, 0, 0, 0, 0, 0, 0
'09:26:00', 0, 1, 0.25, 0, 0, 0, 0, 0, 0, 0, 0.25, 0, 0, 0, 0, 0, 0, 0, 0, 0.5, 0, 0.5, 0.25, 0.25, 0, 0, 0, 0, 0, 0, 0, 0, 0.25, 0, 0, 0, 0, 0, 0, 0
'09:26:00', 0.25, 0.5, 0.25, 0, 0, 0, 0, 0, 0.25, 0, 0, 0, 0, 0, 0, 0, 0.25, 0.25, 0.25, 0.5, 0, 0.5, 0, 0, 0, 0, 0, 0, 0, 0, 0, 0, 0, 0, 0.25, 0, 0, 0, 0, 0
'09:26:00', 0.25, 1, 0, 0, 0, 0, 0, 0, 0.25, 0.25, 0, 0, 0, 0, 0, 0, 0, 0, 0, 1, 0.25, 1, 0, 0, 0.25, 0, 0, 0, 0, 0, 0, 0, 0, 0, 0, 0, 0, 0, 0, 0
'09:26:00', 0, 1, 0.25, 0, 0, 0, 0, 0, 0, 0, 0.25, 0, 0, 0, 0, 0, 0, 0, 0, 0.5, 0, 0.5, 0.25, 0.25, 0, 0, 0, 0, 0, 0, 0, 0, 0.25, 0, 0, 0, 0, 0, 0, 0
'09:26:01', 0.25, 0.5, 0.25, 0, 0, 0, 0, 0, 0.25, 0, 0, 0, 0, 0, 0, 0, 0.25, 0.25, 0.25, 0.5, 0, 0.5, 0, 0, 0, 0, 0, 0, 0, 0, 0, 0, 0, 0, 0.25, 0, 0, 0, 0, 0
'09:26:01', 0.25, 1, 0, 0, 0, 0, 0, 0, 0.25, 0.25, 0, 0, 0, 0, 0, 0, 0, 0, 0, 1, 0.25, 1, 0, 0, 0.25, 0, 0, 0, 0, 0, 0, 0, 0, 0, 0, 0, 0, 0, 0, 0
'09:26:01', 0, 1, 0.25, 0, 0, 0, 0, 0, 0, 0, 0.25, 0, 0, 0, 0, 0, 0, 0, 0, 0.5, 0, 0.5, 0.25, 0.25, 0, 0, 0, 0, 0, 0, 0, 0, 0.25, 0, 0, 0, 0, 0, 0, 0
'09:26:02', 0.25, 0.5, 0.25, 0, 0, 0, 0, 0, 0.25, 0, 0, 0, 0, 0, 0, 0, 0.25, 0.25, 0.25, 0.5, 0, 0.5, 0, 0, 0, 0, 0, 0, 0, 0, 0, 0, 0, 0, 0.25, 0, 0, 0, 0, 0
'09:26:02', 0.25, 1, 0, 0, 0, 0, 0, 0, 0.25, 0.25, 0, 0, 0, 0, 0, 0, 0, 0, 0, 1, 0.25, 1, 0, 0, 0.25, 0, 0, 0, 0, 0, 0, 0, 0, 0, 0, 0, 0, 0, 0, 0
'09:26:02', 0, 1, 0.25, 0, 0, 0, 0, 0, 0, 0, 0.25, 0, 0, 0, 0, 0, 0, 0, 0, 0.5, 0, 0.5, 0.25, 0.25, 0, 0, 0, 0, 0, 0, 0, 0, 0.25, 0, 0, 0, 0, 0, 0, 0
'09:26:03', 0.25, 0.5, 0.25, 0, 0, 0, 0, 0, 0.25, 0, 0, 0, 0, 0, 0, 0, 0.25, 0.25, 0.25, 0.5, 0, 0.5, 0, 0, 0, 0, 0, 0, 0, 0, 0, 0, 0, 0, 0.25, 0, 0, 0, 0, 0
'09:26:03', 0.25, 1, 0, 0, 0, 0, 0, 0, 0.25, 0.25, 0, 0, 0, 0, 0, 0, 0, 0, 0, 1, 0.25, 1, 0, 0, 0.25, 0, 0, 0, 0, 0, 0, 0, 0, 0, 0, 0, 0, 0, 0, 0
'09:26:03', 0, 1, 0.25, 0, 0, 0, 0, 0, 0, 0, 0.25, 0, 0, 0, 0, 0, 0, 0, 0, 0.5, 0, 0.5, 0.25, 0.25, 0, 0, 0, 0, 0, 0, 0, 0, 0.25, 0, 0, 0, 0, 0, 0, 0
'09:26:03', 0.25, 0.5, 0.25, 0, 0, 0, 0, 0, 0.25, 0, 0, 0, 0, 0, 0, 0, 0.25, 0.25, 0.25, 0.5, 0, 0.5, 0, 0, 0, 0, 0, 0, 0, 0, 0, 0, 0, 0, 0.25, 0, 0, 0, 0, 0
'09:26:03', 0.25, 1, 0, 0, 0, 0, 0, 0, 0.25, 0.25, 0, 0, 0, 0, 0, 0, 0, 0, 0, 1, 0.25, 1, 0, 0, 0.25, 0, 0, 0, 0, 0, 0, 0, 0, 0, 0, 0, 0, 0, 0, 0
'09:26:03', 0, 1, 0.25, 0, 0, 0, 0, 0, 0, 0, 0.25, 0, 0, 0, 0, 0, 0, 0, 0, 0.5, 0, 0.5, 0.25, 0.25, 0, 0, 0, 0, 0, 0, 0, 0, 0.25, 0, 0, 0, 0, 0, 0, 0
'09:26:04', 0.25, 0.5, 0.25, 0, 0, 0, 0, 0, 0.25, 0, 0, 0, 0, 0, 0, 0, 0.25, 0.25, 0.25, 0.5, 0, 0.5, 0, 0, 0, 0, 0, 0, 0, 0, 0, 0, 0, 0, 0.25, 0, 0, 0, 0, 0
'09:26:04', 0.25, 1, 0, 0, 0, 0, 0, 0, 0.25, 0.25, 0, 0, 0, 0, 0, 0, 0, 0, 0, 1, 0.25, 1, 0, 0, 0.25, 0, 0, 0, 0, 0, 0, 0, 0, 0, 0, 0, 0, 0, 0, 0
'09:26:04', 0, 1, 0.25, 0, 0, 0, 0, 0, 0, 0, 0.25, 0, 0, 0, 0, 0, 0, 0, 0, 0.5, 0, 0.5, 0.25, 0.25, 0, 0, 0, 0, 0, 0, 0, 0, 0.25, 0, 0, 0, 0, 0, 0, 0
'09:26:05', 0.25, 0.5, 0.25, 0, 0, 0, 0, 0, 0.25, 0, 0, 0, 0, 0, 0, 0, 0.25, 0.25, 0.25, 0.5, 0, 0.5, 0, 0, 0, 0, 0, 0, 0, 0, 0, 0, 0, 0, 0.25, 0, 0, 0, 0, 0
'09:26:05', 0.25, 1, 0, 0, 0, 0, 0, 0, 0.25, 0.25, 0, 0, 0, 0, 0, 0, 0, 0, 0, 1, 0.25, 1, 0, 0, 0.25, 0, 0, 0, 0, 0, 0, 0, 0, 0, 0, 0, 0, 0, 0, 0
'09:26:05', 0, 1, 0.25, 0, 0, 0, 0, 0, 0, 0, 0.25, 0, 0, 0, 0, 0, 0, 0, 0, 0.5, 0, 0.5, 0.25, 0.25, 0, 0, 0, 0, 0, 0, 0, 0, 0.25, 0, 0, 0, 0, 0, 0, 0
'09:26:06', 0.25, 0.5, 0.25, 0, 0, 0, 0, 0, 0.25, 0, 0, 0, 0, 0, 0, 0, 0.25, 0.25, 0.25, 0.5, 0, 0.5, 0, 0, 0, 0, 0, 0, 0, 0, 0, 0, 0, 0, 0.25, 0, 0, 0, 0, 0
'09:26:06', 0.25, 1, 0, 0, 0, 0, 0, 0, 0.25, 0.25, 0, 0, 0, 0, 0, 0, 0, 0, 0, 1, 0.25, 1, 0, 0, 0.25, 0, 0, 0, 0, 0, 0, 0, 0, 0, 0, 0, 0, 0, 0, 0
'09:26:06', 0, 1, 0.25, 0, 0, 0, 0, 0, 0, 0, 0.25, 0, 0, 0, 0, 0, 0, 0, 0, 0.5, 0, 0.5, 0.25, 0.25, 0, 0, 0, 0, 0, 0, 0, 0, 0.25, 0, 0, 0, 0, 0, 0, 0
'09:26:06', 0.25, 0.5, 0.25, 0, 0, 0, 0, 0, 0.25, 0, 0, 0, 0, 0, 0, 0, 0.25, 0.25, 0.25, 0.5, 0, 0.5, 0, 0, 0, 0, 0, 0, 0, 0, 0, 0, 0, 0, 0.25, 0, 0, 0, 0, 0
'09:26:06', 0.25, 1, 0, 0, 0, 0, 0, 0, 0.25, 0.25, 0, 0, 0, 0, 0, 0, 0, 0, 0, 1, 0.25, 1, 0, 0, 0.25, 0, 0, 0, 0, 0, 0, 0, 0, 0, 0, 0, 0, 0, 0, 0
'09:26:06', 0, 1, 0.25, 0, 0, 0, 0, 0, 0, 0, 0.25, 0, 0, 0, 0, 0, 0, 0, 0, 0.5, 0, 0.5, 0.25, 0.25, 0, 0, 0, 0, 0, 0, 0, 0, 0.25, 0, 0, 0, 0, 0, 0, 0
'09:26:07', 0.25, 0.5, 0.25, 0, 0, 0, 0, 0, 0.25, 0, 0, 0, 0, 0, 0, 0, 0.25, 0.25, 0.25, 0.5, 0, 0.5, 0, 0, 0, 0, 0, 0, 0, 0, 0, 0, 0, 0, 0.25, 0, 0, 0, 0, 0
'09:26:07', 0.25, 1, 0, 0, 0, 0, 0, 0, 0.25, 0.25, 0, 0, 0, 0, 0, 0, 0, 0, 0, 1, 0.25, 1, 0, 0, 0.25, 0, 0, 0, 0, 0, 0, 0, 0, 0, 0, 0, 0, 0, 0, 0
'09:26:07', 0, 1, 0.25, 0, 0, 0, 0, 0, 0, 0, 0.25, 0, 0, 0, 0, 0, 0, 0, 0, 0.5, 0, 0.5, 0.25, 0.25, 0, 0, 0, 0, 0, 0, 0, 0, 0.25, 0, 0, 0, 0, 0, 0, 0
'09:26:08', 0.25, 0.5, 0.25, 0, 0, 0, 0, 0, 0.25, 0, 0, 0, 0, 0, 0, 0, 0.25, 0.25, 0.25, 0.5, 0, 0.5, 0, 0, 0, 0, 0, 0, 0, 0, 0, 0, 0, 0, 0.25, 0, 0, 0, 0, 0
'09:26:08', 0.25, 1, 0, 0, 0, 0, 0, 0, 0.25, 0.25, 0, 0, 0, 0, 0, 0, 0, 0, 0, 1, 0.25, 1, 0, 0, 0.25, 0, 0, 0, 0, 0, 0, 0, 0, 0, 0, 0, 0, 0, 0, 0
'09:26:08', 0, 1, 0.25, 0, 0, 0, 0, 0, 0, 0, 0.25, 0, 0, 0, 0, 0, 0, 0, 0, 0.5, 0, 0.5, 0.25, 0.25, 0, 0, 0, 0, 0, 0, 0, 0, 0.25, 0, 0, 0, 0, 0, 0, 0
'09:26:09', 0.25, 0.5, 0.25, 0, 0, 0, 0, 0, 0.25, 0, 0, 0, 0, 0, 0, 0, 0.25, 0.25, 0.25, 0.5, 0, 0.5, 0, 0, 0, 0, 0, 0, 0, 0, 0, 0, 0, 0, 0.25, 0, 0, 0, 0, 0
'09:26:09', 0.25, 1, 0, 0, 0, 0, 0, 0, 0.25, 0.25, 0, 0, 0, 0, 0, 0, 0, 0, 0, 1, 0.25, 1, 0, 0, 0.25, 0, 0, 0, 0, 0, 0, 0, 0, 0, 0, 0, 0, 0, 0, 0
'09:26:09', 0, 1, 0.25, 0, 0, 0, 0, 0, 0, 0, 0.25, 0, 0, 0, 0, 0, 0, 0, 0, 0.5, 0, 0.5, 0.25, 0.25, 0, 0, 0, 0, 0, 0, 0, 0, 0.25, 0, 0, 0, 0, 0, 0, 0
'09:26:10', 0.25, 0.5, 0.25, 0, 0, 0, 0, 0, 0.25, 0, 0, 0, 0, 0, 0, 0, 0.25, 0.25, 0.25, 0.5, 0, 0.5, 0, 0, 0, 0, 0, 0, 0, 0, 0, 0, 0, 0, 0.25, 0, 0, 0, 0, 0
'09:26:10', 0.25, 1, 0, 0, 0, 0, 0, 0, 0.25, 0.25, 0, 0, 0, 0, 0, 0, 0, 0, 0, 1, 0.25, 1, 0, 0, 0.25, 0, 0, 0, 0, 0, 0, 0, 0, 0, 0, 0, 0, 0, 0, 0
'09:26:10', 0, 1, 0.25, 0, 0, 0, 0, 0, 0, 0, 0.25, 0, 0, 0, 0, 0, 0, 0, 0, 0.5, 0, 0.5, 0.25, 0.25, 0, 0, 0, 0, 0, 0, 0, 0, 0.25, 0, 0, 0, 0, 0, 0, 0
'09:26:10', 0.25, 0.5, 0.25, 0, 0, 0, 0, 0, 0.25, 0, 0, 0, 0, 0, 0, 0, 0.25, 0.25, 0.25, 0.5, 0, 0.5, 0, 0, 0, 0, 0, 0, 0, 0, 0, 0, 0, 0, 0.25, 0, 0, 0, 0, 0
'09:26:10', 0.25, 1, 0, 0, 0, 0, 0, 0, 0.25, 0.25, 0, 0, 0, 0, 0, 0, 0, 0, 0, 1, 0.25, 1, 0, 0, 0.25, 0, 0, 0, 0, 0, 0, 0, 0, 0, 0, 0, 0, 0, 0, 0
'09:26:10', 0, 1, 0.25, 0, 0, 0, 0, 0, 0, 0, 0.25, 0, 0, 0, 0, 0, 0, 0, 0, 0.5, 0, 0.5, 0.25, 0.25, 0, 0, 0, 0, 0, 0, 0, 0, 0.25, 0, 0, 0, 0, 0, 0, 0
'09:26:11', 0.25, 0.5, 0.25, 0, 0, 0, 0, 0, 0.25, 0, 0, 0, 0, 0, 0, 0, 0.25, 0.25, 0.25, 0.5, 0, 0.5, 0, 0, 0, 0, 0, 0, 0, 0, 0, 0, 0, 0, 0.25, 0, 0, 0, 0, 0
'09:26:11', 0.25, 1, 0, 0, 0, 0, 0, 0, 0.25, 0.25, 0, 0, 0, 0, 0, 0, 0, 0, 0, 1, 0.25, 1, 0, 0, 0.25, 0, 0, 0, 0, 0, 0, 0, 0, 0, 0, 0, 0, 0, 0, 0
'09:26:11', 0, 1, 0.25, 0, 0, 0, 0, 0, 0, 0, 0.25, 0, 0, 0, 0, 0, 0, 0, 0, 0.5, 0, 0.5, 0.25, 0.25, 0, 0, 0, 0, 0, 0, 0, 0, 0.25, 0, 0, 0, 0, 0, 0, 0
'09:26:12', 0.25, 0.5, 0.25, 0, 0, 0, 0, 0, 0.25, 0, 0, 0, 0, 0, 0, 0, 0.25, 0.25, 0.25, 0.5, 0, 0.5, 0, 0, 0, 0, 0, 0, 0, 0, 0, 0, 0, 0, 0.25, 0, 0, 0, 0, 0
'09:26:12', 0.25, 1, 0, 0, 0, 0, 0, 0, 0.25, 0.25, 0, 0, 0, 0, 0, 0, 0, 0, 0, 1, 0.25, 1, 0, 0, 0.25, 0, 0, 0, 0, 0, 0, 0, 0, 0, 0, 0, 0, 0, 0, 0
'09:26:12', 0, 1, 0.25, 0, 0, 0, 0, 0, 0, 0, 0.25, 0, 0, 0, 0, 0, 0, 0, 0, 0.5, 0, 0.5, 0.25, 0.25, 0, 0, 0, 0, 0, 0, 0, 0, 0.25, 0, 0, 0, 0, 0, 0, 0
'09:26:12', 0.25, 0.5, 0.25, 0, 0, 0, 0, 0, 0.25, 0, 0, 0, 0, 0, 0, 0, 0.25, 0.25, 0.25, 0.5, 0, 0.5, 0, 0, 0, 0, 0, 0, 0, 0, 0, 0, 0, 0, 0.25, 0, 0, 0, 0, 0
'09:26:12', 0.25, 1, 0, 0, 0, 0, 0, 0, 0.25, 0.25, 0, 0, 0, 0, 0, 0, 0, 0, 0, 1, 0.25, 1, 0, 0, 0.25, 0, 0, 0, 0, 0, 0, 0, 0, 0, 0, 0, 0, 0, 0, 0
'09:26:12', 0, 1, 0.25, 0, 0, 0, 0, 0, 0, 0, 0.25, 0, 0, 0, 0, 0, 0, 0, 0, 0.5, 0, 0.5, 0.25, 0.25, 0, 0, 0, 0, 0, 0, 0, 0, 0.25, 0, 0, 0, 0, 0, 0, 0
'09:26:13', 0.25, 0.5, 0.25, 0, 0, 0, 0, 0, 0.25, 0, 0, 0, 0, 0, 0, 0, 0.25, 0.25, 0.25, 0.5, 0, 0.5, 0, 0, 0, 0, 0, 0, 0, 0, 0, 0, 0, 0, 0.25, 0, 0, 0, 0, 0
'09:26:13', 0.25, 1, 0, 0, 0, 0, 0, 0, 0.25, 0.25, 0, 0, 0, 0, 0, 0, 0, 0, 0, 1, 0.25, 1, 0, 0, 0.25, 0, 0, 0, 0, 0, 0, 0, 0, 0, 0, 0, 0, 0, 0, 0
'09:26:13', 0, 1, 0.25, 0, 0, 0, 0, 0, 0, 0, 0.25, 0, 0, 0, 0, 0, 0, 0, 0, 0.5, 0, 0.5, 0.25, 0.25, 0, 0, 0, 0, 0, 0, 0, 0, 0.25, 0, 0, 0, 0, 0, 0, 0
'09:26:14', 0.25, 0.5, 0.25, 0, 0, 0, 0, 0, 0.25, 0, 0, 0, 0, 0, 0, 0, 0.25, 0.25, 0.25, 0.5, 0, 0.5, 0, 0, 0, 0, 0, 0, 0, 0, 0, 0, 0, 0, 0.25, 0, 0, 0, 0, 0
'09:26:14', 0.25, 1, 0, 0, 0, 0, 0, 0, 0.25, 0.25, 0, 0, 0, 0, 0, 0, 0, 0, 0, 1, 0.25, 1, 0, 0, 0.25, 0, 0, 0, 0, 0, 0, 0, 0, 0, 0, 0, 0, 0, 0, 0
'09:26:14', 0, 1, 0.25, 0, 0, 0, 0, 0, 0, 0, 0.25, 0, 0, 0, 0, 0, 0, 0, 0, 0.5, 0, 0.5, 0.25, 0.25, 0, 0, 0, 0, 0, 0, 0, 0, 0.25, 0, 0, 0, 0, 0, 0, 0
'09:26:15', 0.25, 0.5, 0.25, 0, 0, 0, 0, 0, 0.25, 0, 0, 0, 0, 0, 0, 0, 0.25, 0.25, 0.25, 0.5, 0, 0.5, 0, 0, 0, 0, 0, 0, 0, 0, 0, 0, 0, 0, 0.25, 0, 0, 0, 0, 0
'09:26:15', 0.25, 1, 0, 0, 0, 0, 0, 0, 0.25, 0.25, 0, 0, 0, 0, 0, 0, 0, 0, 0, 1, 0.25, 1, 0, 0, 0.25, 0, 0, 0, 0, 0, 0, 0, 0, 0, 0, 0, 0, 0, 0, 0
'09:26:15', 0, 1, 0.25, 0, 0, 0, 0, 0, 0, 0, 0.25, 0, 0, 0, 0, 0, 0, 0, 0, 0.5, 0, 0.5, 0.25, 0.25, 0, 0, 0, 0, 0, 0, 0, 0, 0.25, 0, 0, 0, 0, 0, 0, 0
'09:26:15', 0.25, 0.5, 0.25, 0, 0, 0, 0, 0, 0.25, 0, 0, 0, 0, 0, 0, 0, 0.25, 0.25, 0.25, 0.5, 0, 0.5, 0, 0, 0, 0, 0, 0, 0, 0, 0, 0, 0, 0, 0.25, 0, 0, 0, 0, 0
'09:26:15', 0.25, 1, 0, 0, 0, 0, 0, 0, 0.25, 0.25, 0, 0, 0, 0, 0, 0, 0, 0, 0, 1, 0.25, 1, 0, 0, 0.25, 0, 0, 0, 0, 0, 0, 0, 0, 0, 0, 0, 0, 0, 0, 0
'09:26:15', 0, 1, 0.25, 0, 0, 0, 0, 0, 0, 0, 0.25, 0, 0, 0, 0, 0, 0, 0, 0, 0.5, 0, 0.5, 0.25, 0.25, 0, 0, 0, 0, 0, 0, 0, 0, 0.25, 0, 0, 0, 0, 0, 0, 0
'09:26:16', 0.25, 0.5, 0.25, 0, 0, 0, 0, 0, 0.25, 0, 0, 0, 0, 0, 0, 0, 0.25, 0.25, 0.25, 0.5, 0, 0.5, 0, 0, 0, 0, 0, 0, 0, 0, 0, 0, 0, 0, 0.25, 0, 0, 0, 0, 0
'09:26:16', 0.25, 1, 0, 0, 0, 0, 0, 0, 0.25, 0.25, 0, 0, 0, 0, 0, 0, 0, 0, 0, 1, 0.25, 1, 0, 0, 0.25, 0, 0, 0, 0, 0, 0, 0, 0, 0, 0, 0, 0, 0, 0, 0
'09:26:16', 0, 1, 0.25, 0, 0, 0, 0, 0, 0, 0, 0.25, 0, 0, 0, 0, 0, 0, 0, 0, 0.5, 0, 0.5, 0.25, 0.25, 0, 0, 0, 0, 0, 0, 0, 0, 0.25, 0, 0, 0, 0, 0, 0, 0
'09:26:17', 0.25, 0.5, 0.25, 0, 0, 0, 0, 0, 0.25, 0, 0, 0, 0, 0, 0, 0, 0.25, 0.25, 0.25, 0.5, 0, 0.5, 0, 0, 0, 0, 0, 0, 0, 0, 0, 0, 0, 0, 0.25, 0, 0, 0, 0, 0
'09:26:17', 0.25, 1, 0, 0, 0, 0, 0, 0, 0.25, 0.25, 0, 0, 0, 0, 0, 0, 0, 0, 0, 1, 0.25, 1, 0, 0, 0.25, 0, 0, 0, 0, 0, 0, 0, 0, 0, 0, 0, 0, 0, 0, 0
'09:26:17', 0, 1, 0.25, 0, 0, 0, 0, 0, 0, 0, 0.25, 0, 0, 0, 0, 0, 0, 0, 0, 0.5, 0, 0.5, 0.25, 0.25, 0, 0, 0, 0, 0, 0, 0, 0, 0.25, 0, 0, 0, 0, 0, 0, 0
'09:26:18', 0.25, 0.5, 0.25, 0, 0, 0, 0, 0, 0.25, 0, 0, 0, 0, 0, 0, 0, 0.25, 0.25, 0.25, 0.5, 0, 0.5, 0, 0, 0, 0, 0, 0, 0, 0, 0, 0, 0, 0, 0.25, 0, 0, 0, 0, 0
'09:26:18', 0.25, 1, 0, 0, 0, 0, 0, 0, 0.25, 0.25, 0, 0, 0, 0, 0, 0, 0, 0, 0, 1, 0.25, 1, 0, 0, 0.25, 0, 0, 0, 0, 0, 0, 0, 0, 0, 0, 0, 0, 0, 0, 0
'09:26:18', 0.25, 1, 0.25, 0, 0, 0, 0, 0.25, 0, 0, 0.25, 0, 0, 0, 0, 0, 0, 0, 0, 0.5, 0, 0.5, 0.25, 0.25, 0, 0, 0, 0, 0, 0, 0, 0, 0.25, 0, 0, 0, 0, 0, 0, 0
'09:26:19', 0.25, 0.5, 0.25, 0, 0, 0, 0, 0, 0.25, 0, 0, 0, 0, 0, 0, 0, 0.25, 0.25, 0.25, 0.5, 0, 0.5, 0, 0, 0, 0, 0, 0, 0, 0, 0, 0, 0, 0, 0.25, 0, 0, 0, 0, 0
'09:26:19', 0.25, 1, 0, 0, 0, 0, 0, 0, 0.25, 0.25, 0, 0, 0, 0, 0, 0, 0, 0, 0, 1, 0.25, 1, 0, 0, 0.25, 0, 0, 0, 0, 0, 0, 0, 0, 0, 0, 0, 0, 0, 0, 0
'09:26:19', 0.25, 1, 0.25, 0, 0, 0, 0, 0.25, 0, 0, 0.25, 0, 0, 0, 0, 0, 0, 0, 0, 0.5, 0, 0.5, 0.25, 0.25, 0, 0, 0, 0, 0, 0, 0, 0, 0.25, 0, 0, 0, 0, 0, 0, 0
'09:26:19', 0.25, 0.5, 0.25, 0, 0, 0, 0, 0, 0.25, 0, 0, 0, 0, 0, 0, 0, 0.25, 0.25, 0.25, 0.5, 0, 0.5, 0, 0, 0, 0, 0, 0, 0, 0, 0, 0, 0, 0, 0.25, 0, 0, 0, 0, 0
'09:26:19', 0.25, 1, 0, 0, 0, 0, 0, 0, 0.25, 0.25, 0, 0, 0, 0, 0, 0, 0, 0, 0, 1, 0.25, 1, 0, 0, 0.25, 0, 0, 0, 0, 0, 0, 0, 0, 0, 0, 0, 0, 0, 0, 0
'09:26:19', 0.25, 1, 0.25, 0, 0, 0, 0, 0.25, 0, 0, 0.25, 0, 0, 0, 0, 0, 0, 0, 0, 0.5, 0, 0.5, 0.25, 0.25, 0, 0, 0, 0, 0, 0, 0, 0, 0.25, 0, 0, 0, 0, 0, 0, 0
'09:26:20', 0.25, 0.5, 0.25, 0, 0, 0, 0, 0, 0.25, 0, 0, 0, 0, 0, 0, 0, 0.25, 0.25, 0.25, 0.5, 0, 0.5, 0, 0, 0, 0, 0, 0, 0, 0, 0, 0, 0, 0, 0.25, 0, 0, 0, 0, 0
'09:26:20', 0.25, 1, 0, 0, 0, 0, 0, 0, 0.25, 0.25, 0, 0, 0, 0, 0, 0, 0, 0, 0, 1, 0.25, 1, 0, 0, 0.25, 0, 0, 0, 0, 0, 0, 0, 0, 0, 0, 0, 0, 0, 0, 0
'09:26:20', 0.25, 1, 0.25, 0, 0, 0, 0, 0.25, 0, 0, 0.25, 0, 0, 0, 0, 0, 0, 0, 0, 0.5, 0, 0.5, 0.25, 0.25, 0, 0, 0, 0, 0, 0, 0, 0, 0.25, 0, 0, 0, 0, 0, 0, 0
'09:26:21', 0.25, 0.5, 0.25, 0, 0, 0, 0, 0, 0.25, 0, 0, 0, 0, 0, 0, 0, 0.25, 0.25, 0.25, 0.5, 0, 0.5, 0, 0, 0, 0, 0, 0, 0, 0, 0, 0, 0, 0, 0.25, 0, 0, 0, 0, 0
'09:26:21', 0.25, 1, 0, 0, 0, 0, 0, 0, 0.25, 0.25, 0, 0, 0, 0, 0, 0, 0, 0, 0, 1, 0.25, 1, 0, 0, 0.25, 0, 0, 0, 0, 0, 0, 0, 0, 0, 0, 0, 0, 0, 0, 0
'09:26:21', 0.25, 1, 0.25, 0, 0, 0, 0, 0.25, 0, 0, 0.25, 0, 0, 0, 0, 0, 0, 0, 0, 0.5, 0, 0.5, 0.25, 0.25, 0, 0, 0, 0, 0, 0, 0, 0, 0.25, 0, 0, 0, 0, 0, 0, 0
'09:26:22', 0.25, 0.5, 0.25, 0, 0, 0, 0, 0, 0.25, 0, 0, 0, 0, 0, 0, 0, 0.25, 0.25, 0.25, 0.5, 0, 0.5, 0, 0, 0, 0, 0, 0, 0, 0, 0, 0, 0, 0, 0.25, 0, 0, 0, 0, 0
'09:26:22', 0.25, 1, 0, 0, 0, 0, 0, 0, 0.25, 0.25, 0, 0, 0, 0, 0, 0, 0, 0, 0, 1, 0.25, 1, 0, 0, 0.25, 0, 0, 0, 0, 0, 0, 0, 0, 0, 0, 0, 0, 0, 0, 0
'09:26:22', 0.25, 1, 0.25, 0, 0, 0, 0, 0.25, 0, 0, 0.25, 0, 0, 0, 0, 0, 0, 0, 0, 0.5, 0, 0.5, 0.25, 0.25, 0, 0, 0, 0, 0, 0, 0, 0, 0.25, 0, 0, 0, 0, 0, 0, 0
'09:26:22', 0.25, 0.5, 0.25, 0, 0, 0, 0, 0, 0.25, 0, 0, 0, 0, 0, 0, 0, 0.25, 0.25, 0.25, 0.5, 0, 0.5, 0, 0, 0, 0, 0, 0, 0, 0, 0, 0, 0, 0, 0.25, 0, 0, 0, 0, 0
'09:26:22', 0.25, 1, 0, 0, 0, 0, 0, 0, 0.25, 0.25, 0, 0, 0, 0, 0, 0, 0, 0, 0, 1, 0.25, 1, 0, 0, 0.25, 0, 0, 0, 0, 0, 0, 0, 0, 0, 0, 0, 0, 0, 0, 0
'09:26:22', 0.25, 1, 0.25, 0, 0, 0, 0, 0.25, 0, 0, 0.25, 0, 0, 0, 0, 0, 0, 0, 0, 0.5, 0, 0.5, 0.25, 0.25, 0, 0, 0, 0, 0, 0, 0, 0, 0.25, 0, 0, 0, 0, 0, 0, 0
'09:26:23', 0.25, 0.5, 0.25, 0, 0, 0, 0, 0, 0.25, 0, 0, 0, 0, 0, 0, 0, 0.25, 0.25, 0.25, 0.5, 0, 0.5, 0, 0, 0, 0, 0, 0, 0, 0, 0, 0, 0, 0, 0.25, 0, 0, 0, 0, 0
'09:26:23', 0.25, 1, 0, 0, 0, 0, 0, 0, 0.25, 0.25, 0, 0, 0, 0, 0, 0, 0, 0, 0, 1, 0.25, 1, 0, 0, 0.25, 0, 0, 0, 0, 0, 0, 0, 0, 0, 0, 0, 0, 0, 0, 0
'09:26:23', 0.25, 1, 0.25, 0, 0, 0, 0, 0.25, 0, 0, 0.25, 0, 0, 0, 0, 0, 0, 0, 0, 0.5, 0, 0.5, 0.25, 0.25, 0, 0, 0, 0, 0, 0, 0, 0, 0.25, 0, 0, 0, 0, 0, 0, 0
'09:26:24', 0.25, 0.5, 0.25, 0, 0, 0, 0, 0, 0.25, 0, 0, 0, 0, 0, 0, 0, 0.25, 0.25, 0.25, 0.5, 0, 0.5, 0, 0, 0, 0, 0, 0, 0, 0, 0, 0, 0, 0, 0.25, 0, 0, 0, 0, 0
'09:26:24', 0.25, 1, 0, 0, 0, 0, 0, 0, 0.25, 0.25, 0, 0, 0, 0, 0, 0, 0, 0, 0, 1, 0.25, 1, 0, 0, 0.25, 0, 0, 0, 0, 0, 0, 0, 0, 0, 0, 0, 0, 0, 0, 0
'09:26:24', 0.25, 1, 0.25, 0, 0, 0, 0, 0.25, 0, 0, 0.25, 0, 0, 0, 0, 0, 0, 0, 0, 0.5, 0, 0.5, 0.25, 0.25, 0, 0, 0, 0, 0, 0, 0, 0, 0.25, 0, 0, 0, 0, 0, 0, 0
'09:26:25', 0.25, 0, 1, 0, 0, 0, 0, 0, 0.25, 0, 0.5, 0, 0, 0, 0, 0, 0.25, 0.25, 0.25, 0, 0, 0, 0, 0, 0, 0, 0, 0, 0, 0, 0, 0, 0, 0, 0.25, 0, 0, 0, 0, 0
'09:26:25', 0.25, 0.25, 0.5, 0, 0, 0, 0, 0, 0.25, 0.25, 0.5, 0, 0, 0, 0, 0, 0, 0, 0, 0.25, 0.25, 0.25, 0, 0, 0.25, 0, 0, 0, 0, 0, 0, 0, 0, 0, 0, 0, 0, 0, 0, 0
'09:26:25', 0.25, 0.25, 1, 0, 0, 0, 0, 0.25, 0, 0, 1, 0, 0, 0, 0, 0, 0, 0, 0, 0, 0, 0, 0.25, 0.25, 0, 0, 0, 0, 0, 0, 0, 0, 0.25, 0, 0, 0, 0, 0, 0, 0
'09:26:25', 0.25, 0, 1, 0, 0, 0, 0, 0, 0.25, 0, 0.5, 0, 0, 0, 0, 0, 0.25, 0.25, 0.25, 0, 0, 0, 0, 0, 0, 0, 0, 0, 0, 0, 0, 0, 0, 0, 0.25, 0, 0, 0, 0, 0
'09:26:25', 0.25, 0.25, 0.5, 0, 0, 0, 0, 0, 0.25, 0.25, 0.5, 0, 0, 0, 0, 0, 0, 0, 0, 0.25, 0.25, 0.25, 0, 0, 0.25, 0, 0, 0, 0, 0, 0, 0, 0, 0, 0, 0, 0, 0, 0, 0
'09:26:25', 0.25, 0.25, 1, 0, 0, 0, 0, 0.25, 0, 0, 1, 0, 0, 0, 0, 0, 0, 0, 0, 0, 0, 0, 0.25, 0.25, 0, 0, 0, 0, 0, 0, 0, 0, 0.25, 0, 0, 0, 0, 0, 0, 0
'09:26:26', 0.25, 0, 1, 0, 0, 0, 0, 0, 0.25, 0, 0.5, 0, 0, 0, 0, 0, 0.25, 0.25, 0.25, 0, 0, 0, 0, 0, 0, 0, 0, 0, 0, 0, 0, 0, 0, 0, 0.25, 0, 0, 0, 0, 0
'09:26:26', 0.25, 0.25, 0.5, 0, 0, 0, 0, 0, 0.25, 0.25, 0.5, 0, 0, 0, 0, 0, 0, 0, 0, 0.25, 0.25, 0.25, 0, 0, 0.25, 0, 0, 0, 0, 0, 0, 0, 0, 0, 0, 0, 0, 0, 0, 0
'09:26:26', 0.25, 0.25, 1, 0, 0, 0, 0, 0.25, 0, 0, 1, 0, 0, 0, 0, 0, 0, 0, 0, 0, 0, 0, 0.25, 0.25, 0, 0, 0, 0, 0, 0, 0, 0, 0.25, 0, 0, 0, 0, 0, 0, 0
'09:26:27', 0.25, 0, 1, 0, 0, 0, 0, 0, 0.25, 0, 0.5, 0, 0, 0, 0, 0, 0.25, 0.25, 0.25, 0, 0, 0, 0, 0, 0, 0, 0, 0, 0, 0, 0, 0, 0, 0, 0.25, 0, 0, 0, 0, 0
'09:26:27', 0.25, 0.25, 0.5, 0, 0, 0, 0, 0, 0.25, 0.25, 0.5, 0, 0, 0, 0, 0, 0, 0, 0, 0.25, 0.25, 0.25, 0, 0, 0.25, 0, 0, 0, 0, 0, 0, 0, 0, 0, 0, 0, 0, 0, 0, 0
'09:26:27', 0.25, 0.25, 1, 0, 0, 0, 0, 0.25, 0, 0, 1, 0, 0, 0, 0, 0, 0, 0, 0, 0, 0, 0, 0.25, 0.25, 0, 0, 0, 0, 0, 0, 0, 0, 0.25, 0, 0, 0, 0, 0, 0, 0
'09:26:28', 0.25, 0, 1, 0, 0, 0, 0, 0, 0.25, 0, 0.5, 0, 0, 0, 0, 0, 0.25, 0.25, 0.25, 0, 0, 0, 0, 0, 0, 0, 0, 0, 0, 0, 0, 0, 0, 0, 0.25, 0, 0, 0, 0, 0
'09:26:28', 0.25, 0.25, 0.5, 0, 0, 0, 0, 0, 0.25, 0.25, 0.5, 0, 0, 0, 0, 0, 0, 0, 0, 0.25, 0.25, 0.25, 0, 0, 0.25, 0, 0, 0, 0, 0, 0, 0, 0, 0, 0, 0, 0, 0, 0, 0
'09:26:28', 0.25, 0.25, 1, 0, 0, 0, 0, 0.25, 0, 0, 1, 0, 0, 0, 0, 0, 0, 0, 0, 0, 0, 0, 0.25, 0.25, 0, 0, 0, 0, 0, 0, 0, 0, 0.25, 0, 0, 0, 0, 0, 0, 0
'09:26:29', 0.25, 0, 1, 0, 0, 0, 0, 0, 0.25, 0, 0.5, 0, 0, 0, 0, 0, 0.25, 0.25, 0.25, 0, 0, 0, 0, 0, 0, 0, 0, 0, 0, 0, 0, 0, 0, 0, 0.25, 0, 0, 0, 0, 0
'09:26:29', 0.25, 0.25, 0.5, 0, 0, 0, 0, 0, 0.25, 0.25, 0.5, 0, 0, 0, 0, 0, 0, 0, 0, 0.25, 0.25, 0.25, 0, 0, 0.25, 0, 0, 0, 0, 0, 0, 0, 0, 0, 0, 0, 0, 0, 0, 0
'09:26:29', 0.25, 0.25, 1, 0, 0, 0, 0, 0.25, 0, 0, 1, 0, 0, 0, 0, 0, 0, 0, 0, 0, 0, 0, 0.25, 0.25, 0, 0, 0, 0, 0, 0, 0, 0, 0.25, 0, 0, 0, 0, 0, 0, 0
'09:26:29', 0.25, 0, 1, 0, 0, 0, 0, 0, 0.25, 0, 0.5, 0, 0, 0, 0, 0, 0.25, 0.25, 0.25, 0, 0, 0, 0, 0, 0, 0, 0, 0, 0, 0, 0, 0, 0, 0, 0.25, 0, 0, 0, 0, 0
'09:26:29', 0.25, 0.25, 0.5, 0, 0, 0, 0, 0, 0.25, 0.25, 0.5, 0, 0, 0, 0, 0, 0, 0, 0, 0.25, 0.25, 0.25, 0, 0, 0.25, 0, 0, 0, 0, 0, 0, 0, 0, 0, 0, 0, 0, 0, 0, 0
'09:26:29', 0.25, 0.25, 1, 0, 0, 0, 0, 0.25, 0, 0, 1, 0, 0, 0, 0, 0, 0, 0, 0, 0, 0, 0, 0.25, 0.25, 0, 0, 0, 0, 0, 0, 0, 0, 0.25, 0, 0, 0, 0, 0, 0, 0
'09:26:30', 0.25, 0, 1, 0, 0, 0, 0, 0, 0.25, 0, 0.5, 0, 0, 0, 0, 0, 0.25, 0.25, 0.25, 0, 0, 0, 0, 0, 0, 0, 0, 0, 0, 0, 0, 0, 0, 0, 0.25, 0, 0, 0, 0, 0
'09:26:30', 0.25, 0.25, 0.5, 0, 0, 0, 0, 0, 0.25, 0.25, 0.5, 0, 0, 0, 0, 0, 0, 0, 0, 0.25, 0.25, 0.25, 0, 0, 0.25, 0, 0, 0, 0, 0, 0, 0, 0, 0, 0, 0, 0, 0, 0, 0
'09:26:30', 0.25, 0.25, 1, 0, 0, 0, 0, 0.25, 0, 0, 1, 0, 0, 0, 0, 0, 0, 0, 0, 0, 0, 0, 0.25, 0.25, 0, 0, 0, 0, 0, 0, 0, 0, 0.25, 0, 0, 0, 0, 0, 0, 0
'09:26:31', 0.25, 0, 1, 0, 0, 0, 0, 0, 0.25, 0, 0.5, 0, 0, 0, 0, 0, 0.25, 0.25, 0.25, 0, 0, 0, 0, 0, 0, 0, 0, 0, 0, 0, 0, 0, 0, 0, 0.25, 0, 0, 0, 0, 0
'09:26:31', 0.25, 0.25, 0.5, 0, 0, 0, 0, 0, 0.25, 0.25, 0.5, 0, 0, 0, 0, 0, 0, 0, 0, 0.25, 0.25, 0.25, 0, 0, 0.25, 0, 0, 0, 0, 0, 0, 0, 0, 0, 0, 0, 0, 0, 0, 0
'09:26:31', 0.25, 0.25, 1, 0, 0, 0, 0, 0.25, 0, 0, 1, 0, 0, 0, 0, 0, 0, 0, 0, 0, 0, 0, 0.25, 0.25, 0, 0, 0, 0, 0, 0, 0, 0, 0.25, 0, 0, 0, 0, 0, 0, 0
'09:26:32', 0.25, 0, 1, 0, 0, 0, 0, 0, 0.25, 0, 0.5, 0, 0, 0, 0, 0, 0.25, 0.25, 0.25, 0, 0, 0, 0, 0, 0, 0, 0, 0, 0, 0, 0, 0, 0, 0, 0.25, 0, 0, 0, 0, 0
'09:26:32', 0.25, 0.25, 0.5, 0, 0, 0, 0, 0, 0.25, 0.25, 0.5, 0, 0, 0, 0, 0, 0, 0, 0, 0.25, 0.25, 0.25, 0, 0, 0.25, 0, 0, 0, 0, 0, 0, 0, 0, 0, 0, 0, 0, 0, 0, 0
'09:26:32', 0.25, 0.25, 1, 0, 0, 0, 0, 0.25, 0, 0, 1, 0, 0, 0, 0, 0, 0, 0, 0, 0, 0, 0, 0.25, 0.25, 0, 0, 0, 0, 0, 0, 0, 0, 0.25, 0, 0, 0, 0, 0, 0, 0
'09:26:32', 0.25, 0, 1, 0, 0, 0, 0, 0, 0.25, 0, 0.5, 0, 0, 0, 0, 0, 0.25, 0.25, 0.25, 0, 0, 0, 0, 0, 0, 0, 0, 0, 0, 0, 0, 0, 0, 0, 0.25, 0, 0, 0, 0, 0
'09:26:32', 0.25, 0.25, 0.5, 0, 0, 0, 0, 0, 0.25, 0.25, 0.5, 0, 0, 0, 0, 0, 0, 0, 0, 0.25, 0.25, 0.25, 0, 0, 0.25, 0, 0, 0, 0, 0, 0, 0, 0, 0, 0, 0, 0, 0, 0, 0
'09:26:32', 0.25, 0.25, 1, 0, 0, 0, 0, 0.25, 0, 0, 1, 0, 0, 0, 0, 0, 0, 0, 0, 0, 0, 0, 0.25, 0.25, 0, 0, 0, 0, 0, 0, 0, 0, 0.25, 0, 0, 0, 0, 0, 0, 0
'09:26:33', 0.25, 0, 1, 0, 0, 0, 0, 0, 0.25, 0, 0.5, 0, 0, 0, 0, 0, 0.25, 0.25, 0.25, 0, 0, 0, 0, 0, 0, 0, 0, 0, 0, 0, 0, 0, 0, 0, 0.25, 0, 0, 0, 0, 0
'09:26:33', 0.25, 0.25, 0.5, 0, 0, 0, 0, 0, 0.25, 0.25, 0.5, 0, 0, 0, 0, 0, 0, 0, 0, 0.25, 0.25, 0.25, 0, 0, 0.25, 0, 0, 0, 0, 0, 0, 0, 0, 0, 0, 0, 0, 0, 0, 0
'09:26:33', 0.25, 0.25, 1, 0, 0, 0, 0, 0.25, 0, 0, 1, 0, 0, 0, 0, 0, 0, 0, 0, 0, 0, 0, 0.25, 0.25, 0, 0, 0, 0, 0, 0, 0, 0, 0.25, 0, 0, 0, 0, 0, 0, 0
'09:26:34', 0.25, 0, 1, 0, 0, 0, 0, 0, 0.25, 0, 0.5, 0, 0, 0, 0, 0, 0.25, 0.25, 0.25, 0, 0, 0, 0, 0, 0, 0, 0, 0, 0, 0, 0, 0, 0, 0, 0.25, 0, 0, 0, 0, 0
'09:26:34', 0.25, 0.25, 0.5, 0, 0, 0, 0, 0, 0.25, 0.25, 0.5, 0, 0, 0, 0, 0, 0, 0, 0, 0.25, 0.25, 0.25, 0, 0, 0.25, 0, 0, 0, 0, 0, 0, 0, 0, 0, 0, 0, 0, 0, 0, 0
'09:26:34', 0.25, 0.25, 1, 0, 0, 0, 0, 0.25, 0, 0, 1, 0, 0, 0, 0, 0, 0, 0, 0, 0, 0, 0, 0.25, 0.25, 0, 0, 0, 0, 0, 0, 0, 0, 0.25, 0, 0, 0, 0, 0, 0, 0
'09:26:35', 0.25, 0, 1, 0, 0, 0, 0, 0, 0.25, 0, 0.5, 0, 0, 0, 0, 0, 0.25, 0.25, 0.25, 0, 0, 0, 0, 0, 0, 0, 0, 0, 0, 0, 0, 0, 0, 0, 0.25, 0, 0, 0, 0, 0
'09:26:35', 0.25, 0.25, 0.5, 0, 0, 0, 0, 0, 0.25, 0.25, 0.5, 0, 0, 0, 0, 0, 0, 0, 0, 0.25, 0.25, 0.25, 0, 0, 0.25, 0, 0, 0, 0, 0, 0, 0, 0, 0, 0, 0, 0, 0, 0, 0
'09:26:35', 0.25, 0.25, 1, 0, 0, 0, 0, 0.25, 0, 0, 1, 0, 0, 0, 0, 0, 0, 0, 0, 0, 0, 0, 0.25, 0.25, 0, 0, 0, 0, 0, 0, 0, 0, 0.25, 0, 0, 0, 0, 0, 0, 0
'09:26:35', 0.25, 0, 1, 0, 0, 0, 0, 0, 0.25, 0, 0.5, 0, 0, 0, 0, 0, 0.25, 0.25, 0.25, 0, 0, 0, 0, 0, 0, 0, 0, 0, 0, 0, 0, 0, 0, 0, 0.25, 0, 0, 0, 0, 0
'09:26:35', 0.25, 0.25, 0.5, 0, 0, 0, 0, 0, 0.25, 0.25, 0.5, 0, 0, 0, 0, 0, 0, 0, 0, 0.25, 0.25, 0.25, 0, 0, 0.25, 0, 0, 0, 0, 0, 0, 0, 0, 0, 0, 0, 0, 0, 0, 0
'09:26:35', 0.25, 0.25, 1, 0, 0, 0, 0, 0.25, 0, 0, 1, 0, 0, 0, 0, 0, 0, 0, 0, 0, 0, 0, 0.25, 0.25, 0, 0, 0, 0, 0, 0, 0, 0, 0.25, 0, 0, 0, 0, 0, 0, 0
'09:26:36', 0.25, 0, 1, 0, 0, 0, 0, 0, 0.25, 0, 0.5, 0, 0, 0, 0, 0, 0.25, 0.25, 0.25, 0, 0, 0, 0, 0, 0, 0, 0, 0, 0, 0, 0, 0, 0, 0, 0.25, 0, 0, 0, 0, 0
'09:26:36', 0.25, 0.25, 0.5, 0, 0, 0, 0, 0, 0.25, 0.25, 0.5, 0, 0, 0, 0, 0, 0, 0, 0, 0.25, 0.25, 0.25, 0, 0, 0.25, 0, 0, 0, 0, 0, 0, 0, 0, 0, 0, 0, 0, 0, 0, 0
'09:26:36', 0.25, 0.25, 1, 0, 0, 0, 0, 0.25, 0, 0, 1, 0, 0, 0, 0, 0, 0, 0, 0, 0, 0, 0, 0.25, 0.25, 0, 0, 0, 0, 0, 0, 0, 0, 0.25, 0, 0, 0, 0, 0, 0, 0
'09:26:37', 0.25, 0, 1, 0, 0, 0, 0, 0, 0.25, 0, 0.5, 0, 0, 0, 0, 0, 0.25, 0.25, 0.25, 0, 0, 0, 0, 0, 0, 0, 0, 0, 0, 0, 0, 0, 0, 0, 0.25, 0, 0, 0, 0, 0
'09:26:37', 0.25, 0.25, 0.5, 0, 0, 0, 0, 0, 0.25, 0.25, 0.5, 0, 0, 0, 0, 0, 0, 0, 0, 0.25, 0.25, 0.25, 0, 0, 0.25, 0, 0, 0, 0, 0, 0, 0, 0, 0, 0, 0, 0, 0, 0, 0
'09:26:37', 0.25, 0.25, 1, 0, 0, 0, 0, 0.25, 0, 0, 1, 0, 0, 0, 0, 0, 0, 0, 0, 0, 0, 0, 0.25, 0.25, 0, 0, 0, 0, 0, 0, 0, 0, 0.25, 0, 0, 0, 0, 0, 0, 0
'09:26:38', 0.25, 0, 1, 0, 0, 0, 0, 0, 0.25, 0, 0.5, 0, 0, 0, 0, 0, 0.25, 0.25, 0.25, 0, 0, 0, 0, 0, 0, 0, 0, 0, 0, 0, 0, 0, 0, 0, 0.25, 0, 0, 0, 0, 0
'09:26:38', 0.25, 0.25, 0.5, 0, 0, 0, 0, 0, 0.25, 0.25, 0.5, 0, 0, 0, 0, 0, 0, 0, 0, 0.25, 0.25, 0.25, 0, 0, 0.25, 0, 0, 0, 0, 0, 0, 0, 0, 0, 0, 0, 0, 0, 0, 0
'09:26:38', 0.25, 0.25, 1, 0, 0, 0, 0, 0.25, 0, 0, 1, 0, 0, 0, 0, 0, 0, 0, 0, 0, 0, 0, 0.25, 0.25, 0, 0, 0, 0, 0, 0, 0, 0, 0.25, 0, 0, 0, 0, 0, 0, 0